01,ALACHUA,0052,A.QUINN JONES CENTER,4,*,*,*,*,*,*,*
01,ALACHUA,0081,SIDNEY LANIER CENTER,2,*,*,*,*,*,*,*
01,ALACHUA,0112,ABRAHAM LINCOLN MIDDLE SCHOOL,40,*,100,*,*,*,*,*
01,ALACHUA,0121,HOWARD W. BISHOP MIDDLE SCHOOL,30,541,100,0,0,13,17,70
01,ALACHUA,0141,WESTWOOD MIDDLE SCHOOL,13,539,100,0,0,0,31,69
01,ALACHUA,0151,GAINESVILLE HIGH SCHOOL,323,503,59,27,14,30,12,16
01,ALACHUA,0201,HAWTHORNE MIDDLE/HIGH SCHOOL,19,458,16,79,5,16,0,0
01,ALACHUA,0261,NEWBERRY HIGH SCHOOL,146,493,43,29,27,35,5,3
01,ALACHUA,0271,SANTA FE HIGH SCHOOL,237,505,69,20,11,35,23,11
01,ALACHUA,0411,PROFESSIONAL ACADEMY MAGNET AT LOFTEN HIGH,37,480,27,54,19,27,0,0
01,ALACHUA,0421,EASTSIDE HIGH SCHOOL,237,500,51,33,15,22,12,17
01,ALACHUA,0431,F. W. BUCHHOLZ HIGH SCHOOL,465,508,66,19,14,33,19,15
01,ALACHUA,0481,FORT CLARKE MIDDLE SCHOOL,11,536,100,0,0,36,0,64
01,ALACHUA,0502,KANAPAHA MIDDLE SCHOOL,18,539,100,0,0,11,17,72
01,ALACHUA,0591,OAK VIEW MIDDLE SCHOOL,24,543,100,0,0,0,17,83
01,ALACHUA,0991,SIATECH GAINESVILLE,4,*,*,*,*,*,*,*
01,ALACHUA,1003,MYCROSCHOOL GAINESVILLE,4,*,*,*,*,*,*,*
01,ALACHUA,1013,RESILIENCE CHARTER SCHOOL INC,10,491,40,30,30,40,0,0
02,BAKER,0012,BAKER COUNTY SENIOR HIGH SCHOOL,261,501,60,27,13,34,17,8
03,BAY,0061,BAY HIGH SCHOOL,212,492,42,34,24,30,8,4
03,BAY,0071,MERRITT BROWN MIDDLE SCHOOL,9,*,*,*,*,*,*,*
03,BAY,0161,JINKS MIDDLE SCHOOL,14,530,100,0,0,14,50,36
03,BAY,0201,SURFSIDE MIDDLE SCHOOL,22,543,100,0,0,9,14,77
03,BAY,0331,MOWAT MIDDLE SCHOOL,38,524,100,0,0,42,32,26
03,BAY,0341,RUTHERFORD HIGH SCHOOL,140,493,46,36,18,31,5,9
03,BAY,0491,A. CRAWFORD MOSLEY HIGH SCHOOL,361,506,68,13,19,49,12,8
03,BAY,0531,NEW HORIZONS LEARNING CENTER,18,475,11,67,22,11,0,0
03,BAY,0541,DEANE BOZEMAN SCHOOL,114,498,53,25,23,43,8,2
03,BAY,0551,J.R. ARNOLD HIGH SCHOOL,315,497,54,25,20,43,9,2
03,BAY,0571,BREAKFAST POINT ACADEMY,8,*,*,*,*,*,*,*
03,BAY,0581,ROSENWALD HIGH SCHOOL,46,469,7,80,13,7,0,0
03,BAY,0711,BAY HAVEN CHARTER MIDDLE SCHOOL,20,550,100,0,0,0,5,95
03,BAY,0731,NORTH BAY HAVEN CHARTER ACADEMY MIDDLE SCHOOL,20,529,100,0,0,10,65,25
03,BAY,0741,NORTH BAY HAVEN CAREER ACADEMY,129,521,95,2,3,39,36,19
03,BAY,0771,PALM BAY PREPARATORY ACADEMY 6-12,24,501,63,13,25,50,8,4
03,BAY,0782,CENTRAL HIGH SCHOOL,7,*,*,*,*,*,*,*
03,BAY,2701,RISING LEADERS ACADEMY,12,516,92,0,8,58,8,25
03,BAY,7001,BAY VIRTUAL INSTRUCTION PROGRAM,1,*,*,*,*,*,*,*
03,BAY,7004,BAY VIRTUAL FRANCHISE,5,*,*,*,*,*,*,*
03,BAY,7006,BAY VIRTUAL INSTRUCTION (COURSE OFFERINGS),2,*,*,*,*,*,*,*
04,BRADFORD,0021,BRADFORD HIGH SCHOOL,97,499,56,27,18,37,13,5
04,BRADFORD,0172,BRADFORD MIDDLE SCHOOL,13,514,85,0,15,38,31,15
05,BREVARD,0011,TITUSVILLE HIGH SCHOOL,123,500,63,24,12,50,9,5
05,BREVARD,0052,JAMES MADISON MIDDLE SCHOOL,18,511,78,0,22,67,6,6
05,BREVARD,0141,ANDREW JACKSON MIDDLE SCHOOL,41,537,98,0,2,5,24,68
05,BREVARD,0161,ASTRONAUT HIGH SCHOOL,91,496,55,31,14,40,13,2
05,BREVARD,0302,SPACE COAST JR/SR HIGH SCHOOL,201,498,60,28,11,40,13,7
05,BREVARD,1011,ROCKLEDGE SENIOR HIGH SCHOOL,309,495,52,29,19,41,8,3
05,BREVARD,1012,CENTRAL AREA ADULT ED-DAY PROG,1,*,*,*,*,*,*,*
05,BREVARD,1017,NORTH/CENTRAL AREA ALTERNATIVE LEARNING,7,*,*,*,*,*,*,*
05,BREVARD,1018,SOUTH AREA ALTERNATIVE LEARNING CENTER,5,*,*,*,*,*,*,*
05,BREVARD,1029,RIVERDALE COUNTRY DAY SCHOOL,1,*,*,*,*,*,*,*
05,BREVARD,1081,RONALD MCNAIR MAGNET MIDDLE SCHOOL,19,515,89,0,11,53,26,11
05,BREVARD,1101,JOHN F. KENNEDY MIDDLE SCHOOL,16,535,100,0,0,13,31,56
05,BREVARD,1121,COCOA HIGH SCHOOL,267,480,23,55,22,17,5,0
05,BREVARD,1171,VIERA HIGH SCHOOL,367,509,73,10,17,44,17,13
05,BREVARD,2011,MELBOURNE SENIOR HIGH SCHOOL,502,498,52,27,21,36,9,7
05,BREVARD,2021,PALM BAY MAGNET SENIOR HIGH SCHOOL,344,485,29,45,26,26,3,1
05,BREVARD,2022,PALM BAY HIGH ADULT EDUCATION,1,*,*,*,*,*,*,*
05,BREVARD,2071,STONE MAGNET MIDDLE SCHOOL,32,521,94,3,3,38,31,25
05,BREVARD,2072,SOUTH AREA ADULT ED-DAY PROG,7,*,*,*,*,*,*,*
05,BREVARD,2122,SOUTHWEST MIDDLE SCHOOL,31,529,100,0,0,23,35,42
05,BREVARD,2211,BAYSIDE HIGH SCHOOL,332,494,48,30,23,39,7,2
05,BREVARD,2311,HERITAGE HIGH SCHOOL,286,495,50,26,24,42,6,2
05,BREVARD,3011,EAU GALLIE HIGH SCHOOL,292,494,46,35,20,35,8,3
05,BREVARD,3021,CENTRAL MIDDLE SCHOOL,31,521,94,0,6,29,48,16
05,BREVARD,3031,LYNDON B. JOHNSON MIDDLE SCHL,27,537,100,0,0,15,11,74
05,BREVARD,3141,WEST SHORE JUNIOR/SENIOR HIGH SCHOOL,155,529,97,0,3,32,23,42
05,BREVARD,4011,MERRITT ISLAND HIGH SCHOOL,299,498,53,28,19,37,10,6
05,BREVARD,4021,EDGEWOOD JR/SR HIGH SCHOOL,138,528,94,1,4,25,26,43
05,BREVARD,4111,THOMAS JEFFERSON MIDDLE SCHOOL,26,537,96,0,4,8,31,58
05,BREVARD,5011,COCOA BEACH JUNIOR/SENIOR HIGH SCHOOL,197,503,58,26,16,31,15,12
05,BREVARD,6011,SATELLITE SENIOR HIGH SCHOOL,272,511,72,13,15,36,16,20
05,BREVARD,6012,DELAURA MIDDLE SCHOOL,29,534,100,0,0,17,38,45
05,BREVARD,6082,HERBERT C. HOOVER MIDDLE SCHOOL,11,537,100,0,0,0,27,73
05,BREVARD,6501,PALM BAY ACADEMY CHARTER SCHOOL,11,516,82,9,9,36,18,27
05,BREVARD,6507,ODYSSEY CHARTER SCHOOL,53,507,70,17,13,40,17,13
05,BREVARD,6508,SCULPTOR CHARTER SCHOOL,23,524,100,0,0,48,22,30
05,BREVARD,6509,ROYAL PALM CHARTER SCHOOL,1,*,*,*,*,*,*,*
05,BREVARD,6540,VIERA CHARTER SCHOOL,18,530,100,0,0,22,44,33
05,BREVARD,7004,BREVARD VIRTUAL FRANCHISE,11,510,73,9,18,36,27,9
06,BROWARD,0021,POMPANO BEACH MIDDLE SCHOOL,43,517,88,2,9,49,33,7
06,BROWARD,0100,HOSPITAL HOMEBOUND SERVICES,2,*,*,*,*,*,*,*
06,BROWARD,0131,GULFSTREAM ACADEMY OF HALLANDALE BEACH,20,520,95,5,0,55,15,25
06,BROWARD,0171,SOUTH BROWARD HIGH SCHOOL,330,495,45,31,24,32,10,3
06,BROWARD,0185,POMPANO BEACH INSTITUTE INTERNATIONAL STUDIES,176,512,84,7,9,52,22,9
06,BROWARD,0211,STRANAHAN HIGH SCHOOL,248,477,26,57,17,21,3,2
06,BROWARD,0241,MCARTHUR HIGH SCHOOL,488,488,35,40,25,27,7,1
06,BROWARD,0251,SUNRISE MIDDLE SCHOOL,37,540,100,0,0,3,30,68
06,BROWARD,0343,ATTUCKS MIDDLE SCHOOL,15,521,100,0,0,47,27,27
06,BROWARD,0361,BLANCHE ELY HIGH SCHOOL,267,484,31,47,22,27,3,1
06,BROWARD,0371,DILLARD  6-12,302,495,45,30,25,33,9,3
06,BROWARD,0403,HALLANDALE HIGH SCHOOL,156,485,26,46,28,23,1,1
06,BROWARD,0405,LANIER-JAMES EDUCATION CENTER,6,*,*,*,*,*,*,*
06,BROWARD,0452,WHIDDON RODGERS ED. CENTER,15,443,0,93,7,0,0,0
06,BROWARD,0471,OLSEN MIDDLE SCHOOL,12,540,100,0,0,8,17,75
06,BROWARD,0481,MCNICOL MIDDLE SCHOOL,30,516,83,7,10,50,13,20
06,BROWARD,0551,PLANTATION MIDDLE SCHOOL,20,541,100,0,0,5,15,80
06,BROWARD,0581,MARGATE MIDDLE SCHOOL,37,531,100,0,0,19,32,49
06,BROWARD,0592,HENRY D PERRY EDUCATIONAL CENTER,28,452,7,89,4,7,0,0
06,BROWARD,0601,SEAGULL SCHOOL,25,*,0,*,*,*,*,*
06,BROWARD,0701,PARKWAY MIDDLE SCHOOL,46,519,80,4,15,28,13,39
06,BROWARD,0861,DRIFTWOOD MIDDLE SCHOOL,40,528,98,3,0,18,50,30
06,BROWARD,0881,NEW RIVER MIDDLE SCHOOL,26,534,96,4,0,4,27,65
06,BROWARD,0911,DEERFIELD BEACH MIDDLE SCHOOL,32,547,100,0,0,0,6,94
06,BROWARD,0951,FORT LAUDERDALE HIGH SCHOOL,299,505,67,17,16,40,18,9
06,BROWARD,1051,SHERIDAN TECHNICAL COLLEGE,54,512,80,11,9,43,26,11
06,BROWARD,1071,WILLIAM DANDY MIDDLE SCHOOL,38,514,76,11,13,37,21,18
06,BROWARD,1151,CORAL SPRINGS HIGH SCHOOL,623,493,43,33,24,34,7,3
06,BROWARD,1241,NORTHEAST HIGH SCHOOL,204,487,32,39,29,29,2,0
06,BROWARD,1281,NOVA HIGH SCHOOL,564,498,54,21,25,44,10,1
06,BROWARD,1291,WILLIAM T. MCFATTER TECHNICAL COLLEGE,44,513,80,2,18,52,14,14
06,BROWARD,1311,NOVA MIDDLE SCHOOL,59,530,100,0,0,29,27,44
06,BROWARD,1391,LAUDERHILL 6-12,44,505,68,9,23,57,2,9
06,BROWARD,1451,PLANTATION HIGH SCHOOL,396,487,34,43,23,27,4,3
06,BROWARD,1631,ANNABEL C. PERRY PK-8,3,*,*,*,*,*,*,*
06,BROWARD,1661,HOLLYWOOD HILLS HIGH SCHOOL,251,492,40,35,25,29,8,3
06,BROWARD,1681,COCONUT CREEK HIGH SCHOOL,164,480,26,53,21,24,2,0
06,BROWARD,1701,LAUDERDALE LAKES MIDDLE SCHOOL,27,524,93,0,7,22,44,26
06,BROWARD,1711,DEERFIELD BEACH HIGH SCHOOL,458,490,39,38,23,31,5,2
06,BROWARD,1741,BOYD H. ANDERSON HIGH SCHOOL,234,472,13,66,21,11,1,1
06,BROWARD,1751,MIRAMAR HIGH SCHOOL,321,486,34,45,21,27,5,2
06,BROWARD,1752,WHISPERING PINES EXCEPTIONAL EDUCATION CENTER,11,489,27,45,27,18,9,0
06,BROWARD,1791,APOLLO MIDDLE SCHOOL,46,528,98,0,2,30,35,33
06,BROWARD,1871,CRYSTAL LAKE MIDDLE SCHOOL,46,527,98,0,2,30,30,37
06,BROWARD,1881,PINES MIDDLE SCHOOL,14,525,100,0,0,29,43,29
06,BROWARD,1891,SEMINOLE MIDDLE SCHOOL,37,537,100,0,0,16,19,65
06,BROWARD,1901,PIPER HIGH SCHOOL,246,495,49,29,22,36,10,3
06,BROWARD,1931,COOPER CITY HIGH SCHOOL,421,510,72,11,17,43,21,9
06,BROWARD,2021,GLADES MIDDLE SCHOOL,81,539,100,0,0,10,21,69
06,BROWARD,2041,BEACHSIDE MONTESSORI VILLAGE,33,534,100,0,0,12,39,48
06,BROWARD,2052,WESTPINE MIDDLE SCHOOL,30,530,97,3,0,13,37,47
06,BROWARD,2121,JAMES S. RICKARDS MIDDLE SCHOOL,30,514,87,3,10,57,20,10
06,BROWARD,2123,CYPRESS RUN ALTERNATIVE/ESE,8,*,*,*,*,*,*,*
06,BROWARD,2221,ATLANTIC TECHNICAL COLLEGE,41,516,83,5,12,49,17,17
06,BROWARD,2351,SOUTH PLANTATION HIGH SCHOOL,406,488,42,40,18,28,10,4
06,BROWARD,2561,CORAL SPRINGS MIDDLE SCHOOL,37,543,100,0,0,5,19,76
06,BROWARD,2571,PIONEER MIDDLE SCHOOL,40,547,100,0,0,3,5,93
06,BROWARD,2611,BAIR MIDDLE SCHOOL,20,524,85,0,15,20,30,35
06,BROWARD,2711,RAMBLEWOOD MIDDLE SCHOOL,41,534,98,0,2,10,39,49
06,BROWARD,2751,J. P. TARAVELLA HIGH SCHOOL,571,494,47,32,21,34,8,6
06,BROWARD,2831,WESTERN HIGH SCHOOL,668,510,75,12,13,38,24,13
06,BROWARD,2971,SILVER LAKES MIDDLE SCHOOL,18,530,94,0,6,6,44,44
06,BROWARD,3001,WALTER C. YOUNG MIDDLE SCHOOL,49,538,100,0,0,12,20,67
06,BROWARD,3011,MARJORY STONEMAN DOUGLAS HS,686,510,72,12,16,36,19,17
06,BROWARD,3051,FOREST GLEN MIDDLE SCHOOL,52,542,100,0,0,8,17,75
06,BROWARD,3101,LYONS CREEK MIDDLE SCHOOL,66,536,100,0,0,14,32,55
06,BROWARD,3151,TEQUESTA TRACE MIDDLE SCHOOL,57,553,100,0,0,0,2,98
06,BROWARD,3222,CROSS CREEK SCHOOL,12,463,17,75,8,17,0,0
06,BROWARD,3331,SILVER TRAIL MIDDLE SCHOOL,55,550,100,0,0,0,4,96
06,BROWARD,3391,CHARLES W FLANAGAN HIGH SCHOOL,544,497,52,29,19,31,15,7
06,BROWARD,3431,SAWGRASS SPRINGS MIDDLE SCHOOL,33,543,100,0,0,0,18,82
06,BROWARD,3471,INDIAN RIDGE MIDDLE SCHOOL,113,534,100,0,0,13,34,53
06,BROWARD,3541,MONARCH HIGH SCHOOL,458,495,52,26,22,45,6,1
06,BROWARD,3622,FALCON COVE MIDDLE SCHOOL,107,*,100,*,*,*,*,*
06,BROWARD,3623,CYPRESS BAY HIGH SCHOOL,996,518,80,9,11,29,22,28
06,BROWARD,3651,DAVE THOMAS EDUCATION CENTER WEST,129,457,1,91,9,1,0,0
06,BROWARD,3731,EVERGLADES HIGH SCHOOL,342,503,61,18,21,41,15,5
06,BROWARD,3851,COLLEGE ACADEMY AT BROWARD COLLEGE,2,*,*,*,*,*,*,*
06,BROWARD,3861,CORAL GLADES HIGH SCHOOL,404,491,44,37,19,32,9,3
06,BROWARD,3871,WESTGLADES MIDDLE SCHOOL,72,549,100,0,0,0,8,92
06,BROWARD,3911,NEW RENAISSANCE MIDDLE SCHOOL,19,521,100,0,0,47,37,16
06,BROWARD,3971,WEST BROWARD HIGH SCHOOL,604,505,65,19,16,34,20,11
06,BROWARD,4772,MILLENNIUM MIDDLE SCHOOL,50,532,98,0,2,16,22,60
06,BROWARD,5003,SOMERSET PREP ACADEMY AT N LAUDERDALE,2,*,*,*,*,*,*,*
06,BROWARD,5006,SOMERSET PREP ACADEMY HIGH AT N LAUDERDALE,64,485,33,44,23,30,2,2
06,BROWARD,5009,ANDREWS HIGH SCHOOL,19,463,5,84,11,5,0,0
06,BROWARD,5012,FRANKLIN ACADEMY PEMBROKE PINES,21,538,100,0,0,10,19,71
06,BROWARD,5015,AVANT GARDE ACADEMY K-8 BROWARD,17,502,65,18,18,41,24,0
06,BROWARD,5020,RENAISSANCE CHARTER SCHOOL OF CORAL SPRINGS,24,516,83,4,13,38,29,17
06,BROWARD,5023,RENAISSANCE CHARTER SCHOOL OF PLANTATION,19,493,26,21,53,21,5,0
06,BROWARD,5024,IMAGINE SCHOOLS AT BROWARD,27,529,100,0,0,26,22,52
06,BROWARD,5028,ACADEMIC SOLUTIONS HIGH SCHOOL,18,461,0,78,22,0,0,0
06,BROWARD,5032,FLAGLER HIGH,38,452,5,92,3,5,0,0
06,BROWARD,5037,FRANKLIN ACADEMY E,22,546,100,0,0,0,23,77
06,BROWARD,5044,IMAGINE SCHOOL SOUTH CAMPUS,1,*,*,*,*,*,*,*
06,BROWARD,5046,FRANKLIN ACADEMY F,16,516,81,0,19,38,31,13
06,BROWARD,5048,RENAISSANCE CHARTER SCHOOL AT UNIVERSITY,24,510,71,8,21,50,8,13
06,BROWARD,5049,RENAISSANCE CHARTER SCHOOL AT COOPER CITY,23,534,100,0,0,0,52,48
06,BROWARD,5060,SUNED HIGH SCHOOL,31,456,0,90,10,0,0,0
06,BROWARD,5081,CITY/PEMBROKE PINES CHARTER MIDDLE SCHOOL,73,544,100,0,0,4,12,84
06,BROWARD,5091,CITY OF CORAL SPRINGS CHARTER,242,507,67,16,17,38,17,12
06,BROWARD,5111,IMAGINE CHARTER SCHOOL AT WESTON,26,529,96,0,4,23,35,38
06,BROWARD,5121,CITY/PEMBROKE PINES CHARTER HS,398,505,67,18,15,41,16,10
06,BROWARD,5142,FRANKLIN ACADEMY PEMBROKE PINES HIGH SCHOOL,125,497,49,26,25,32,14,3
06,BROWARD,5182,BEN GAMLA PREPARATORY CHARTER HIGH SCHOOL,79,498,56,27,18,35,10,10
06,BROWARD,5204,BEN GAMLA PREPARATORY SCHOOL,1,*,*,*,*,*,*,*
06,BROWARD,5209,ASCEND CAREER ACADEMY,31,472,19,65,16,13,6,0
06,BROWARD,5221,SOMERSET ACADEMY CHARTER HIGH,13,481,15,46,38,15,0,0
06,BROWARD,5224,SOMERSET ACADEMY KEY CHARTER HIGH SCHOOL,13,466,15,69,15,15,0,0
06,BROWARD,5233,ACADEMIC SOLUTIONS ACADEMY A,5,*,*,*,*,*,*,*
06,BROWARD,5322,PIVOT CHARTER SCHOOL,22,480,36,59,5,23,5,9
06,BROWARD,5323,MELROSE HIGH,32,446,0,97,3,0,0,0
06,BROWARD,5331,DOLPHIN PARK HIGH,10,444,0,90,10,0,0,0
06,BROWARD,5341,NORTH UNIVERSITY HIGH,27,*,0,*,*,*,*,*
06,BROWARD,5351,LAUDERHILL HIGH,20,440,0,95,5,0,0,0
06,BROWARD,5362,HOLLYWOOD ACADEMY OF ARTS AND SCIENCE MIDDLE,23,532,96,0,4,13,39,43
06,BROWARD,5371,NORTH BROWARD ACADEMY OF EXCELLENCE MIDDLE,21,526,95,5,0,24,38,33
06,BROWARD,5406,SOMERSET ACADEMY MIDDLE (MIRAMAR CAMPUS),21,538,100,0,0,24,19,57
06,BROWARD,5416,INTERNATIONAL SCHOOL OF BROWARD,34,478,32,62,6,24,6,3
06,BROWARD,5481,SUNRISE HIGH SCHOOL,37,455,8,89,3,5,3,0
06,BROWARD,5791,AVANT GARDE ACADEMY OF BROWARD,15,509,73,13,13,40,33,0
06,BROWARD,5861,SUNED HIGH SCHOOL OF NORTH BROWARD,8,*,*,*,*,*,*,*
06,BROWARD,6501,OFF CAMPUS LEARNING,25,475,16,64,20,16,0,0
06,BROWARD,7004,BROWARD VIRTUAL FRANCHISE,38,507,76,13,11,47,26,3
07,CALHOUN,0021,BLOUNTSTOWN HIGH SCHOOL,98,504,56,26,18,26,16,14
07,CALHOUN,0101,ALTHA PUBLIC SCHOOL,46,493,50,33,17,41,9,0
07,CALHOUN,7023,CALHOUN VIRTUAL  INSTRUC(DISTRICT PROVIDED),1,*,*,*,*,*,*,*
08,CHARLOTTE,0031,CHARLOTTE HIGH SCHOOL,318,508,71,10,19,47,15,9
08,CHARLOTTE,0042,CHARLOTTE HARBOR SCHOOL,4,*,*,*,*,*,*,*
08,CHARLOTTE,0051,LEMON BAY HIGH SCHOOL,226,506,68,15,16,41,18,9
08,CHARLOTTE,0151,PORT CHARLOTTE HIGH SCHOOL,359,491,42,39,20,30,8,4
08,CHARLOTTE,0171,THE ACADEMY,25,456,8,76,16,4,4,0
08,CHARLOTTE,0282,AMI KIDS CROSSROADS,1,*,*,*,*,*,*,*
08,CHARLOTTE,0502,FLORIDA SOUTHWESTERN COLLEGIATE HIGH SCHOOL,54,515,85,4,11,48,24,13
08,CHARLOTTE,7004,CHARLOTTE VIRTUAL FRANCHISE,23,501,57,17,26,48,9,0
09,CITRUS,0031,CITRUS HIGH SCHOOL,193,494,48,34,18,37,9,2
09,CITRUS,0042,INVERNESS MIDDLE SCHOOL,27,540,100,0,0,4,22,74
09,CITRUS,0083,CRYSTAL RIVER MIDDLE SCHOOL,35,532,97,0,3,20,26,51
09,CITRUS,0121,CRYSTAL RIVER HIGH SCHOOL,164,493,48,32,20,40,7,2
09,CITRUS,0162,LECANTO MIDDLE SCHOOL,15,537,100,0,0,0,40,60
09,CITRUS,0163,LECANTO HIGH SCHOOL,164,494,47,31,22,38,7,2
09,CITRUS,0201,CREST SCHOOL,2,*,*,*,*,*,*,*
09,CITRUS,0211,CITRUS SPRINGS MIDDLE SCHOOL,28,538,100,0,0,4,29,68
09,CITRUS,0215,ACADEMY OF ENVIRON. SCIENCES,17,495,41,18,41,41,0,0
09,CITRUS,0216,CITRUS MYCROSCHOOL,5,*,*,*,*,*,*,*
09,CITRUS,0321,CITRUS COUNTY RENAISSANCE CENTER,2,*,*,*,*,*,*,*
10,CLAY,0020,FLORIDA YOUTH CHALLENGE ACADEMY,4,*,*,*,*,*,*,*
10,CLAY,0021,GREEN COVE SPRINGS JUNIOR HIGH SCHOOL,31,534,97,0,3,6,32,58
10,CLAY,0111,R. C. BANNERMAN LEARNING CENTER,39,463,15,77,8,15,0,0
10,CLAY,0252,ORANGE PARK HIGH SCHOOL,338,495,49,35,16,31,11,7
10,CLAY,0311,KEYSTONE HEIGHTS JR-SR HIGH,161,504,61,19,19,30,17,14
10,CLAY,0341,CLAY HIGH SCHOOL,303,507,68,14,18,38,22,8
10,CLAY,0351,LAKESIDE JUNIOR HIGH SCHOOL,25,548,100,0,0,0,16,84
10,CLAY,0361,ORANGE PARK JUNIOR HIGH SCHOOL,26,528,100,0,0,19,54,27
10,CLAY,0371,WILKINSON JUNIOR HIGH SCHOOL,10,540,100,0,0,0,10,90
10,CLAY,0391,MIDDLEBURG HIGH SCHOOL,311,497,51,28,21,33,15,3
10,CLAY,0431,RIDGEVIEW HIGH SCHOOL,314,499,52,30,18,29,16,8
10,CLAY,0481,LAKE ASBURY JUNIOR HIGH SCHOOL,12,541,100,0,0,0,33,67
10,CLAY,0551,FLEMING ISLAND HIGH SCHOOL,426,514,79,9,12,35,25,19
10,CLAY,0611,OAKLEAF JUNIOR HIGH,12,540,100,0,0,8,33,58
10,CLAY,0661,OAKLEAF HIGH SCHOOL,509,502,57,26,17,29,17,11
10,CLAY,0663,FLORIDA CYBER CHARTER ACADEMY AT CLAY,1,*,*,*,*,*,*,*
10,CLAY,7004,CLAY VIRTUAL FRANCHISE,25,492,36,32,32,24,8,4
11,COLLIER,0051,EVERGLADES CITY SCHOOL,3,*,*,*,*,*,*,*
11,COLLIER,0061,GULFVIEW MIDDLE SCHOOL,1,*,*,*,*,*,*,*
11,COLLIER,0151,NAPLES HIGH SCHOOL,386,510,73,13,14,37,17,18
11,COLLIER,0251,PINE RIDGE MIDDLE SCHOOL,6,*,*,*,*,*,*,*
11,COLLIER,0261,LELY HIGH SCHOOL,354,506,65,20,15,34,14,17
11,COLLIER,0271,IMMOKALEE HIGH SCHOOL,401,489,40,41,19,31,7,2
11,COLLIER,0282,LORENZO WALKER TECHNICAL HIGH SCHOOL,134,507,66,13,21,39,15,12
11,COLLIER,0311,BARRON COLLIER HIGH SCHOOL,374,512,73,14,13,31,22,20
11,COLLIER,0392,GULF COAST HIGH SCHOOL,501,517,82,7,11,39,17,26
11,COLLIER,0401,OAKRIDGE MIDDLE SCHOOL,4,*,*,*,*,*,*,*
11,COLLIER,0452,NORTH NAPLES MIDDLE SCHOOL,1,*,*,*,*,*,*,*
11,COLLIER,0493,PALMETTO RIDGE HIGH SCHOOL,312,511,75,14,11,42,18,15
11,COLLIER,0501,GOLDEN GATE HIGH SCHOOL,298,496,47,32,20,27,12,8
11,COLLIER,7001,COLLIER VIRTUAL INSTRUCTION PROGRAM,4,*,*,*,*,*,*,*
11,COLLIER,9008,NAPLES AREA TEENAGE PARENTING,2,*,*,*,*,*,*,*
11,COLLIER,9015,THE PHOENIX PROGRAM NAPLES,9,*,*,*,*,*,*,*
11,COLLIER,9026,THE PHOENIX PROGRAM-IMMOKALEE,1,*,*,*,*,*,*,*
11,COLLIER,9027,BEACON HIGH SCHOOL,17,458,0,88,12,0,0,0
11,COLLIER,9032,MARCO ISLAND ACADEMY,51,503,57,20,24,33,16,8
11,COLLIER,9035,MASON CLASSICAL ACADEMY,32,521,91,3,6,38,22,31
12,COLUMBIA,0011,COLUMBIA HIGH SCHOOL,682,493,43,34,23,31,7,5
12,COLUMBIA,0031,RICHARDSON MIDDLE SCHOOL,27,499,52,19,30,41,11,0
12,COLUMBIA,0123,FORT WHITE HIGH SCHOOL,255,493,46,31,23,36,7,2
12,COLUMBIA,0221,PATHWAYS ACADEMY,2,*,*,*,*,*,*,*
12,COLUMBIA,0241,LAKE CITY MIDDLE SCHOOL,2,*,*,*,*,*,*,*
12,COLUMBIA,0402,BELMONT ACADEMY,24,505,67,13,21,54,4,8
13,DADE,0041,AIR BASE K-8 CENTER FOR INTERNATIONAL EDUC,18,533,100,0,0,22,28,50
13,DADE,0070,CORAL REEF MONTESSORI ACADEMY CHARTER,7,*,*,*,*,*,*,*
13,DADE,0071,EUGENIA B. THOMAS K-8 CENTER,16,522,100,0,0,56,19,25
13,DADE,0091,BOB GRAHAM EDUCATION CENTER,12,540,100,0,0,8,17,75
13,DADE,0092,NORMAN S. EDELCUP/SUNNY ISLES BEACH K-8,16,552,100,0,0,0,6,94
13,DADE,0122,DR. ROLANDO ESPINOSA K-8 CENTER,18,539,100,0,0,11,33,56
13,DADE,0231,AVENTURA WATERWAYS K-8 CENTER,33,532,94,0,6,15,27,52
13,DADE,0241,RUTH K. BROAD BAY HARBOR K-8 CENTER,39,553,100,0,0,0,3,97
13,DADE,0332,SOMERSET ACADEMY (SILVER PALMS),37,524,95,0,5,43,19,32
13,DADE,0761,FIENBERG/FISHER K-8 CENTER,5,*,*,*,*,*,*,*
13,DADE,0950,AVENTURA CITY OF EXCELLENCE,14,550,100,0,0,7,0,93
13,DADE,0961,CORAL GABLES PREPARATORY ACADEMY,20,534,100,0,0,10,45,45
13,DADE,1020,YOUTH CO-OP CHARTER SCHOOL,15,511,67,0,33,47,0,20
13,DADE,1331,DEVON AIRE K-8 CENTER,16,534,100,0,0,19,25,56
13,DADE,1601,EDISON PARK K-8 CENTER,6,*,*,*,*,*,*,*
13,DADE,1681,LILLIE C. EVANS K-8 CENTER,13,496,54,15,31,54,0,0
13,DADE,2741,KEY BISCAYNE K-8 CENTER,4,*,*,*,*,*,*,*
13,DADE,3029,DORAL ACADEMY OF TECHNOLOGY,49,546,100,0,0,2,12,86
13,DADE,3032,PALM GLADES PREPARATORY ACADEMY,4,*,*,*,*,*,*,*
13,DADE,3101,FRANK CRAWFORD MARTIN K-8 CENTER,23,515,91,0,9,61,17,13
13,DADE,3191,ADA MERRITT K-8 CENTER,30,526,97,0,3,30,33,33
13,DADE,3581,MYRTLE GROVE K-8 CENTER,1,*,*,*,*,*,*,*
13,DADE,3610,KEYS GATE CHARTER SCHOOL,30,526,97,0,3,30,37,30
13,DADE,3621,COCONUT PALM K-8 ACADEMY,21,534,100,0,0,5,48,48
13,DADE,4031,GATEWAY ENVIRONMENTAL K-8 LEARNING CENTER,8,*,*,*,*,*,*,*
13,DADE,5005,DAVID LAWRENCE JR. K-8 CENTER,16,557,100,0,0,0,13,88
13,DADE,5006,EVERGLADES PREPARATORY ACADEMY,1,*,*,*,*,*,*,*
13,DADE,5007,LINCOLN-MARTI CHARTER SCHOOL HIALEAH,12,453,17,83,0,17,0,0
13,DADE,5047,MATER ACADEMY MIAMI BEACH,7,*,*,*,*,*,*,*
13,DADE,5101,JOHN I. SMITH K-8 CENTER,21,534,100,0,0,19,29,52
13,DADE,5141,HUBERT O. SIBLEY K-8 ACADEMY,5,*,*,*,*,*,*,*
13,DADE,5901,CARRIE P. MEEK/WESTVIEW K-8 CENTER,1,*,*,*,*,*,*,*
13,DADE,5961,WINSTON PARK K-8 CENTER,24,520,88,4,8,29,29,29
13,DADE,6001,HERBERT A. AMMONS MIDDLE SCHL,87,543,100,0,0,3,23,74
13,DADE,6004,SOMERSET ACADEMY CHARTER MIDDLE SCHOOL,21,519,86,5,10,29,48,10
13,DADE,6006,ARCHIMEDEAN MIDDLE CONSERVATORY,84,532,95,0,5,24,25,46
13,DADE,6009,MATER EAST ACADEMY MIDDLE SCHOOL,9,*,*,*,*,*,*,*
13,DADE,6010,FLORIDA INTERNATIONAL ACADEMY,13,512,85,0,15,69,8,8
13,DADE,6012,MATER ACADEMY CHARTER MIDDLE,43,544,100,0,0,2,16,81
13,DADE,6013,SOMERSET ACADEMY CHARTER MIDDLE S HOMESTEAD,13,508,77,8,15,54,15,8
13,DADE,6014,IMATER ACADEMY MIDDLE SCHOOL,1,*,*,*,*,*,*,*
13,DADE,6015,SLAM CHARTER MIDDLE SCHOOL,21,515,95,0,5,57,33,5
13,DADE,6021,ARVIDA MIDDLE SCHOOL,37,539,100,0,0,5,38,57
13,DADE,6022,PINECREST ACADEMY CHARTER MIDDLE SCHOOL,14,520,86,7,7,21,36,29
13,DADE,6023,ANDOVER MIDDLE SCHOOL,20,506,60,5,35,35,15,10
13,DADE,6030,DORAL ACADEMY CHARTER MIDDLE SCHOOL,36,538,100,0,0,14,19,67
13,DADE,6033,MATER ACADEMY LAKES MIDDLE SCHOOL,23,531,100,0,0,17,43,39
13,DADE,6040,DOCTORS CHARTER SCHOOL OF MIAMI SHORES,77,517,86,4,10,39,26,21
13,DADE,6041,PAUL W. BELL MIDDLE SCHOOL,1,*,*,*,*,*,*,*
13,DADE,6045,INTERNATIONAL STUDIES CHARTER MIDDLE SCHOOL,15,532,100,0,0,13,47,40
13,DADE,6048,MIAMI COMMUNITY CHARTER MIDDLE SCHOOL,18,506,61,6,33,50,11,0
13,DADE,6052,MIAMI ARTS STUDIO 6-12 AT ZELDA GLAZER,183,510,75,12,13,47,18,10
13,DADE,6071,GEORGE WASHINGTON CARVER MIDDLE SCHOOL,68,542,100,0,0,3,24,74
13,DADE,6081,CUTLER BAY SENIOR HIGH SCHOOL,107,502,58,24,18,35,12,11
13,DADE,6082,ACADEMIR CHARTER SCHOOL MIDDLE,13,521,100,0,0,46,38,15
13,DADE,6121,RUBEN DARIO MIDDLE SCHOOL,4,*,*,*,*,*,*,*
13,DADE,6161,LAWTON CHILES MIDDLE SCHOOL,32,519,94,0,6,41,38,16
13,DADE,6211,GLADES MIDDLE SCHOOL,47,522,98,2,0,45,32,21
13,DADE,6221,HAMMOCKS MIDDLE SCHOOL,47,511,74,2,23,51,11,13
13,DADE,6241,HIGHLAND OAKS MIDDLE SCHOOL,66,531,98,0,2,21,36,41
13,DADE,6301,JOHN F. KENNEDY MIDDLE SCHOOL,83,526,98,1,1,36,29,33
13,DADE,6351,LAKE STEVENS MIDDLE SCHOOL,4,*,*,*,*,*,*,*
13,DADE,6411,HORACE MANN MIDDLE SCHOOL,10,523,90,0,10,40,10,40
13,DADE,6441,HOWARD D. MCMILLAN MIDDLE SCHOOL,90,530,97,1,2,19,34,43
13,DADE,6501,MIAMI LAKES MIDDLE SCHOOL,75,529,97,0,3,29,28,40
13,DADE,6521,MIAMI SPRINGS MIDDLE SCHOOL,44,532,100,0,0,20,30,50
13,DADE,6541,NAUTILUS MIDDLE SCHOOL,51,531,98,0,2,16,35,47
13,DADE,6571,NORLAND MIDDLE SCHOOL,1,*,*,*,*,*,*,*
13,DADE,6591,NORTH DADE MIDDLE SCHOOL,3,*,*,*,*,*,*,*
13,DADE,6631,NORTH MIAMI MIDDLE SCHOOL,29,508,79,7,14,62,17,0
13,DADE,6681,PALM SPRINGS MIDDLE SCHOOL,27,518,96,0,4,56,33,7
13,DADE,6701,PALMETTO MIDDLE SCHOOL,26,539,100,0,0,12,23,65
13,DADE,6741,PONCE DE LEON MIDDLE SCHOOL,73,517,88,0,12,48,27,12
13,DADE,6751,HIALEAH GARDENS MIDDLE SCHOOL,302,518,90,3,8,44,26,20
13,DADE,6761,REDLAND MIDDLE SCHOOL,7,*,*,*,*,*,*,*
13,DADE,6771,JORGE MAS CANOSA MIDDLE SCHOOL,80,533,98,3,0,15,29,54
13,DADE,6781,RICHMOND HEIGHTS MIDDLE SCHOOL,26,507,73,8,19,54,15,4
13,DADE,6801,RIVIERA MIDDLE SCHOOL,33,513,88,0,12,64,15,9
13,DADE,6821,ROCKWAY MIDDLE SCHOOL,36,535,100,0,0,17,22,61
13,DADE,6841,SHENANDOAH MIDDLE SCHOOL,25,522,96,0,4,40,36,20
13,DADE,6861,SOUTHWOOD MIDDLE SCHOOL,18,549,94,0,6,0,6,89
13,DADE,6881,SOUTH MIAMI MIDDLE SCHOOL,13,539,100,0,0,8,23,69
13,DADE,6901,W. R. THOMAS MIDDLE SCHOOL,165,531,96,0,4,25,25,47
13,DADE,6921,LAMAR LOUISE CURRY MIDDLE SCHL,28,527,89,0,11,29,18,43
13,DADE,6997,MATER VIRTUAL ACAD CHARTER MIDDLE/HIGH SCHOOL,19,488,37,42,21,26,11,0
13,DADE,7001,MIAMI-DADE ONLINE ACADEMY-VIRTUAL INSTRUCTION,19,504,53,32,16,26,16,11
13,DADE,7005,ITECH@THOMAS A EDISON EDUCATIONAL CENTER,53,491,43,32,25,34,9,0
13,DADE,7007,INTERNATIONAL STUDIES CHARTER,98,515,87,4,9,46,28,13
13,DADE,7008,BIOTECH@RICHMOND HEIGHTS 9-12 HIGH SCHOOL,82,497,52,24,23,37,12,4
13,DADE,7009,DORAL PERFORMING ARTS & ENTERTAINMENT ACADEMY,88,530,98,0,2,20,31,47
13,DADE,7011,AMERICAN SENIOR HIGH SCHOOL,458,487,38,42,21,29,7,1
13,DADE,7014,MATER PERFORMING ARTS & ENTERTAINMENT ACADEMY,70,510,69,11,20,31,19,19
13,DADE,7015,STELLAR LEADERSHIP ACADEMY,40,451,0,90,10,0,0,0
13,DADE,7016,SPORTS LEADERSHIP OF MIAMI CHARTER HIGH,173,494,46,31,24,37,7,2
13,DADE,7018,MATER ACADEMY LAKES HIGH SCHOOL,277,506,67,15,18,43,14,10
13,DADE,7020,DORAL ACADEMY CHARTER HIGH SCHOOL,355,522,92,3,5,37,29,26
13,DADE,7021,CENTER FOR INTERNATIONAL EDUCATION,68,511,69,9,22,38,18,13
13,DADE,7022,BRIDGEPREP ACADEMY OF ARTS & MINDS,85,474,26,65,9,25,0,1
13,DADE,7029,TERRA ENVIRONMENTAL RESEARCH INSTITUTE,288,529,95,2,3,25,29,41
13,DADE,7031,MAST@FIU,63,521,89,2,10,30,33,25
13,DADE,7032,PALM GLADES PREPARATORY ACADEMY HIGH SCHOOL,86,478,19,60,21,19,0,0
13,DADE,7033,LAW ENFORCEMENT OFFICERS MEMORIAL HIGH SCHOOL,102,493,35,40,25,26,4,5
13,DADE,7034,SOMERSET ACADEMY CHARTER HIGH (S HOMESTEAD),62,486,34,44,23,31,2,2
13,DADE,7037,MATER ACADEMY EAST CHARTER HIGH SCHOOL,93,492,43,40,17,34,8,1
13,DADE,7038,SOMERSET ACADEMY CHARTER HIGH (SOUTH CAMPUS),5,*,*,*,*,*,*,*
13,DADE,7042,SOMERSET ACADEMY CHARTER HIGH SCHOOL,98,511,76,9,15,46,19,10
13,DADE,7048,ALONZO & TRACY MOURNING SENIOR HIGH BISCAYNE,351,495,48,36,16,28,10,10
13,DADE,7049,WESTLAND HIALEAH SENIOR HIGH SCHOOL,409,482,32,50,18,23,6,2
13,DADE,7050,KEYS GATE CHARTER HIGH SCHOOL,186,472,13,65,22,12,1,0
13,DADE,7051,G. HOLMES BRADDOCK SENIOR HIGH,579,484,33,47,20,25,5,2
13,DADE,7053,PINECREST PREPARATORY ACADEMY CHARTER HIGH,111,494,48,30,23,41,5,3
13,DADE,7055,YOUNG WOMENS PREPARATORY ACADEMY,58,527,90,3,7,19,22,48
13,DADE,7056,YOUNG MEN''S PREPARATORY ACADEMY,21,494,38,38,24,24,5,10
13,DADE,7058,MIAMI COMMUNITY CHARTER HIGH SCHOOL,55,473,13,69,18,13,0,0
13,DADE,7059,MIAMI ARTS CHARTER,183,509,72,17,11,39,19,14
13,DADE,7060,EVERGLADES PREPARATORY ACADEMY HIGH SCHOOL,145,491,36,37,27,27,7,2
13,DADE,7062,MAVERICKS HIGH OF NORTH MIAMI DADE COUNTY,43,451,2,98,0,2,0,0
13,DADE,7065,MAVERICKS HIGH OF SOUTH MIAMI DADE COUNTY,30,461,7,87,7,7,0,0
13,DADE,7066,LBA CONSTRUCTION AND BUSINESS MANAGEMENT ACAD,44,503,59,20,20,32,14,14
13,DADE,7067,GREEN SPRINGS HIGH SCHOOL,13,445,0,92,8,0,0,0
13,DADE,7068,NORTH GARDENS HIGH SCHOOL,3,*,*,*,*,*,*,*
13,DADE,7069,NORTH PARK HIGH SCHOOL,31,454,3,94,3,3,0,0
13,DADE,7070,YOUTH CO-OP PREPARATORY HIGH SCHOOL,38,483,26,53,21,21,3,3
13,DADE,7071,CORAL GABLES SENIOR HIGH SCHOOL,744,482,31,53,17,18,7,5
13,DADE,7080,CHARTER HIGH SCHOOL OF THE AMERICAS,41,527,90,0,10,27,32,32
13,DADE,7081,DESIGN & ARCHITECTURE SENIOR HIGH,118,532,98,0,2,19,34,46
13,DADE,7090,IMATER PREPARATORY ACADEMY HIGH SCHOOL,143,501,57,25,17,34,14,9
13,DADE,7091,SCHOOL FOR ADVANCED STUDIES - SOUTH,6,*,*,*,*,*,*,*
13,DADE,7101,CORAL REEF SENIOR HIGH SCHOOL,653,516,79,9,12,32,24,24
13,DADE,7111,HIALEAH SENIOR HIGH SCHOOL,533,478,26,59,15,17,5,4
13,DADE,7121,JOHN A. FERGUSON SR HIGH,839,496,48,31,20,32,11,6
13,DADE,7131,HIALEAH-MIAMI LAKES SR. HIGH,343,490,38,39,24,26,8,4
13,DADE,7141,DR. MICHAEL M. KROP SENIOR HIGH,486,494,50,35,16,36,9,5
13,DADE,7151,HOMESTEAD SENIOR HIGH SCHOOL,377,481,28,53,20,24,2,1
13,DADE,7160,MATER ACADEMY CHARTER HIGH,280,499,55,28,17,34,11,10
13,DADE,7161,MAST ACADEMY,190,522,91,4,6,36,29,25
13,DADE,7171,MEDICAL ACADEMY FOR SCIENCE/TECH @ HOMESTEAD,161,507,68,14,19,39,19,10
13,DADE,7191,HIALEAH GARDENS SENIOR HIGH SCHOOL,368,494,43,36,21,26,10,7
13,DADE,7201,MIAMI BEACH SENIOR HIGH SCHOOL,448,488,42,43,15,26,9,7
13,DADE,7231,MIAMI CAROL CITY SENIOR HIGH,243,480,24,54,21,21,3,0
13,DADE,7241,RONALD W. REAGAN/DORAL SENIOR HIGH SCHOOL,520,491,43,37,20,28,9,6
13,DADE,7251,MIAMI CENTRAL SENIOR HIGH SCHL,389,477,23,59,17,20,3,1
13,DADE,7262,CITY OF HIALEAH EDUCATION ACADEMY,101,496,52,29,19,36,13,4
13,DADE,7265,ARCHIMEDEAN UPPER CONSERVATORY,31,521,77,6,16,16,26,35
13,DADE,7271,MIAMI CORAL PARK SENIOR HIGH,562,483,27,51,22,18,5,4
13,DADE,7291,JOSE MARTI MAST 6-12 ACADEMY,113,521,92,2,6,35,31,26
13,DADE,7301,MIAMI EDISON SENIOR HIGH SCHL,168,483,32,49,20,26,5,1
13,DADE,7341,MIAMI JACKSON SENIOR HIGH SCHL,375,481,27,54,19,21,5,1
13,DADE,7351,ARTHUR AND POLLY MAYS CONSERVATORY OF THE ART,49,492,43,43,14,22,10,10
13,DADE,7361,MIAMI KILLIAN SENIOR HIGH SCHL,228,506,66,22,11,31,20,16
13,DADE,7371,ROBERT MORGAN EDUCATIONAL CENTER,410,499,54,29,17,31,12,10
13,DADE,7381,MIAMI NORLAND SENIOR HIGH SCHOOL,405,474,13,67,19,12,0,0
13,DADE,7391,MIAMI LAKES EDUCATIONAL CENTER,275,498,52,28,20,33,12,7
13,DADE,7411,MIAMI NORTHWESTERN SENIOR HIGH,306,482,25,53,23,22,2,0
13,DADE,7431,MIAMI PALMETTO SR. HIGH SCHL,565,499,55,31,14,27,14,14
13,DADE,7461,MIAMI SENIOR HIGH SCHOOL,662,485,33,47,20,24,6,4
13,DADE,7511,MIAMI SPRINGS SENIOR HIGH SCHL,367,482,29,52,19,22,4,2
13,DADE,7512,MIAMI SPRINGS SR. HIGH ADULT,3,*,*,*,*,*,*,*
13,DADE,7531,MIAMI SUNSET SENIOR HIGH SCHL,279,486,34,50,16,20,7,6
13,DADE,7541,NORTH MIAMI BEACH SENIOR HIGH,348,481,25,51,24,19,5,2
13,DADE,7571,INTERNATIONAL STUDIES PREPARATORY ACADEMY,99,513,77,7,16,43,20,13
13,DADE,7581,I PREPARATORY ACADEMY,49,522,86,4,10,29,22,35
13,DADE,7591,NORTH MIAMI SENIOR HIGH SCHOOL,608,480,26,56,19,22,3,1
13,DADE,7592,NORTH MIAMI SENIOR ADULT ED.,1,*,*,*,*,*,*,*
13,DADE,7601,WILLIAM H. TURNER TECHNICAL ARTS HIGH SCHOOL,289,502,61,18,21,44,13,4
13,DADE,7602,WILLIAM H. TURNER TECHNICAL ADULT,2,*,*,*,*,*,*,*
13,DADE,7631,MIAMI MACARTHUR SOUTH,10,459,10,80,10,0,10,0
13,DADE,7701,SOUTH DADE SENIOR HIGH SCHOOL,557,481,28,55,17,23,3,2
13,DADE,7721,SOUTH MIAMI SENIOR HIGH SCHOOL,449,478,26,57,17,17,6,2
13,DADE,7731,MIAMI SOUTHRIDGE SENIOR HIGH,447,478,19,58,23,17,2,1
13,DADE,7741,SOUTHWEST MIAMI SENIOR HIGH,514,491,44,38,19,28,10,6
13,DADE,7751,BARBARA GOLEMAN SENIOR HIGH,412,500,53,32,15,24,14,15
13,DADE,7781,FELIX VARELA SENIOR HIGH SCHL,543,488,37,45,18,23,8,6
13,DADE,7791,BOOKER T. WASHINGTON SR HIGH,216,478,19,56,24,17,2,0
13,DADE,7812,MIAMI BRIDGE SOUTH,1,*,*,*,*,*,*,*
13,DADE,7819,BOYSTOWN,1,*,*,*,*,*,*,*
13,DADE,7823,HERE''S HELP,1,*,*,*,*,*,*,*
13,DADE,7835,RICHMOND PERRINE OPTIMIST,15,*,0,*,*,*,*,*
13,DADE,7840,TURNER/GUILFORD/KNIGHT,7,*,*,*,*,*,*,*
13,DADE,7901,NEW WORLD SCHOOL OF THE ARTS,107,513,79,7,14,42,19,19
13,DADE,8019,ACADEMY FOR COMMUNITY ED (ACE),28,463,7,86,7,4,4,0
13,DADE,8101,JAN MANN OPPORTUNITY SCHOOL,11,469,0,82,18,0,0,0
13,DADE,8121,COPE CENTER NORTH,14,450,0,93,7,0,0,0
13,DADE,8131,DOROTHY M. WALLACE COPE CENTER,13,466,15,69,15,15,0,0
13,DADE,8151,ROBERT RENICK EDUCATION CENTER,1,*,*,*,*,*,*,*
13,DADE,8181,RUTH OWENS KRUSE EDUCATION CENTER,18,465,6,89,6,6,0,0
13,DADE,9732,BRUCIE BALL EDUCATIONAL CENTER,30,475,13,73,13,13,0,0
14,DESOTO,0031,DESOTO COUNTY HIGH SCHOOL,277,486,32,46,22,23,6,3
14,DESOTO,0291,DESOTO ALTERNATIVE PROGRAM,5,*,*,*,*,*,*,*
15,DIXIE,0021,DIXIE COUNTY HIGH SCHOOL,131,485,27,44,29,23,1,4
16,DUVAL,0141,GRAND PARK CAREER CENTER,11,464,9,91,0,9,0,0
16,DUVAL,0251,KIRBY-SMITH MIDDLE SCHOOL,49,530,98,2,0,24,31,43
16,DUVAL,0291,THE BRIDGE,42,458,0,95,5,0,0,0
16,DUVAL,0311,JULIA LANDON COLLEGE PREPARATORY & LEADERSHIP,98,541,99,0,1,7,22,69
16,DUVAL,0331,ROBERT E. LEE HIGH SCHOOL,171,503,71,17,12,47,19,5
16,DUVAL,0351,ANDREW JACKSON HIGH SCHOOL,38,504,66,13,21,47,18,0
16,DUVAL,0381,BALDWIN MIDDLE-SENIOR HIGH SCHOOL,100,504,61,14,25,41,18,2
16,DUVAL,0391,GATEWAY COMMUNITY SERVICES,4,*,*,*,*,*,*,*
16,DUVAL,0471,LONE STAR HIGH SCHOOL,6,*,*,*,*,*,*,*
16,DUVAL,0501,CATAPULT ACADEMY,30,445,7,93,0,7,0,0
16,DUVAL,0531,DUVAL MYCROSCHOOL,15,*,0,*,*,*,*,*
16,DUVAL,0621,OCEANWAY SCHOOL,1,*,*,*,*,*,*,*
16,DUVAL,0631,DUNCAN U. FLETCHER MIDDLE SCHOOL,75,538,100,0,0,5,29,65
16,DUVAL,0661,ALFRED I. DUPONT MIDDLE SCHOOL,11,500,64,9,27,55,9,0
16,DUVAL,0751,PAXON SCHOOL/ADVANCED STUDIES,265,511,74,6,20,39,21,14
16,DUVAL,0861,TERRY PARKER HIGH SCHOOL,119,500,66,24,11,47,15,3
16,DUVAL,0901,ENGLEWOOD HIGH SCHOOL,114,502,62,26,11,33,20,9
16,DUVAL,0961,JEAN RIBAULT HIGH SCHOOL,129,499,52,28,20,33,13,5
16,DUVAL,1073,DOUGLAS ANDERSON SCHOOL OF THE ARTS,179,513,79,9,12,46,17,16
16,DUVAL,1181,SCHOOL FOR ACCELERATED LEARNING &TECHNOLOGIES,1,*,*,*,*,*,*,*
16,DUVAL,1201,RIVER CITY SCIENCE ACADEMY,72,505,74,7,19,58,11,4
16,DUVAL,1221,GLOBAL OUTREACH CHARTER ACADEMY,17,501,65,12,24,53,12,0
16,DUVAL,1271,KIPP IMPACT MIDDLE SCHOOL,5,*,*,*,*,*,*,*
16,DUVAL,1311,DUVAL CHARTER HIGH SCHOOL AT BAYMEADOWS,88,488,38,40,23,34,3,0
16,DUVAL,1321,DUVAL CHARTER AT BAYMEADOWS,19,536,100,0,0,21,26,53
16,DUVAL,1451,DARNELL COOKMAN MIDDLE/HIGH SCHOOL,133,515,77,8,15,33,20,24
16,DUVAL,1461,MATTHEW W. GILBERT MIDDLE SCHOOL,1,*,*,*,*,*,*,*
16,DUVAL,1521,JAMES W JOHNSON COLLEG PREP MIDDLE SCHOOL,117,534,100,0,0,16,30,54
16,DUVAL,1531,STANTON COLLEGE PREPARATORY,192,519,85,4,10,34,26,25
16,DUVAL,1561,YWLA/YMLA,1,*,*,*,*,*,*,*
16,DUVAL,1651,WILLIAM M. RAINES HIGH SCHOOL,72,503,67,15,18,47,15,4
16,DUVAL,1761,PRETRIAL DETENTION FACILITY,8,*,*,*,*,*,*,*
16,DUVAL,1811,HOSPITAL AND HOMEBOUND,2,*,*,*,*,*,*,*
16,DUVAL,2231,DUNCAN U. FLETCHER HIGH SCHOOL,204,509,78,9,13,56,19,2
16,DUVAL,2241,SAMUEL W. WOLFSON HIGH SCHOOL,111,498,55,24,21,40,11,5
16,DUVAL,2371,SANDALWOOD HIGH SCHOOL,378,509,77,8,15,48,20,8
16,DUVAL,2381,FORT CAROLINE MIDDLE SCHOOL,2,*,*,*,*,*,*,*
16,DUVAL,2411,WESTSIDE HIGH SCHOOL,81,501,64,23,12,49,9,6
16,DUVAL,2481,EDWARD H. WHITE HIGH SCHOOL,116,498,54,21,25,48,4,2
16,DUVAL,2531,TWIN LAKES ACADEMY MIDDLE,61,516,80,8,11,34,30,16
16,DUVAL,2541,MAYPORT MIDDLE SCHOOL,3,*,*,*,*,*,*,*
16,DUVAL,2561,LANDMARK MIDDLE SCHOOL,38,529,92,3,5,13,32,47
16,DUVAL,2591,MANDARIN MIDDLE SCHOOL,69,539,100,0,0,1,23,75
16,DUVAL,2601,MANDARIN HIGH SCHOOL,231,505,71,15,14,46,19,5
16,DUVAL,2651,FIRST COAST HIGH SCHOOL,175,505,66,11,23,50,15,1
16,DUVAL,2671,LAVILLA SCHOOL OF THE ARTS,32,541,100,0,0,3,22,75
16,DUVAL,2681,ATLANTIC COAST HIGH SCHOOL,205,499,53,26,21,35,13,5
16,DUVAL,2791,KERNAN MIDDLE SCHOOL,19,517,84,0,16,32,32,21
16,DUVAL,2801,FRANK H. PETERSON ACADEMIES,128,499,57,23,20,47,9,2
16,DUVAL,2851,A. PHILIP RANDOLPH ACADEMIES,11,508,73,18,9,45,18,9
16,DUVAL,5371,FLORIDA CYBER CHARTER ACADEMY,15,492,20,47,33,7,7,7
16,DUVAL,5381,SAN JOSE PREPARATORY HIGH SCHOOL,41,487,32,44,24,24,7,0
16,DUVAL,5391,SAN JOSE ACADEMY,12,508,83,0,17,75,0,8
16,DUVAL,5421,BISCAYNE HIGH SCHOOL,4,*,*,*,*,*,*,*
16,DUVAL,5511,DUVAL CHARTER SCHOOL AT MANDARIN,11,533,100,0,0,0,55,45
16,DUVAL,5551,DUVAL CHARTER SCHOOL AT SOUTHSIDE,16,516,88,0,13,50,31,6
16,DUVAL,7004,DUVAL VIRTUAL ACADEMY FRANCHISE,5,*,*,*,*,*,*,*
16,DUVAL,7023,DUVAL VIRTUAL INSTRUCTION ACADEMY,15,493,60,40,0,53,7,0
17,ESCAMBIA,0211,CAMELOT ACADEMY OF ESCAMBIA COUNTY,12,452,0,92,8,0,0,0
17,ESCAMBIA,0221,RANSOM MIDDLE SCHOOL,1,*,*,*,*,*,*,*
17,ESCAMBIA,0281,ESCAMBIA HIGH SCHOOL,435,487,33,47,20,24,6,3
17,ESCAMBIA,0411,PENSACOLA HIGH SCHOOL,247,503,54,34,12,17,13,24
17,ESCAMBIA,0521,J. M. TATE SENIOR HIGH SCHOOL,387,502,62,21,17,43,13,6
17,ESCAMBIA,0601,J. H. WORKMAN MIDDLE SCHOOL,4,*,*,*,*,*,*,*
17,ESCAMBIA,0671,BROWN BARGE MIDDLE SCHOOL,6,*,*,*,*,*,*,*
17,ESCAMBIA,0861,GEORGE STONE AREA VOC-TECH CTR,1,*,*,*,*,*,*,*
17,ESCAMBIA,0862,PINE FOREST HIGH SCHOOL,392,481,27,56,17,19,5,3
17,ESCAMBIA,0866,JUDY ANDREWS SECOND CHANCE CENTER,12,483,25,33,42,25,0,0
17,ESCAMBIA,0933,HOSPITAL & HOMEBOUND,1,*,*,*,*,*,*,*
17,ESCAMBIA,0951,WASHINGTON SENIOR HIGH SCHOOL,472,483,29,54,18,19,7,2
17,ESCAMBIA,1221,JIM C. BAILEY MIDDLE SCHOOL,16,535,100,0,0,25,38,38
17,ESCAMBIA,1231,NORTHVIEW HIGH SCHOOL,107,489,41,43,16,36,6,0
17,ESCAMBIA,1251,WEST FLORIDA HIGH SCHOOL/TECH,265,513,77,7,16,41,20,17
17,ESCAMBIA,2081,ESCAMBIA CHARTER SCHOOL,13,450,0,92,8,0,0,0
17,ESCAMBIA,7004,ESCAMBIA VIRTUAL ACADEMY FRANCHISE,18,505,61,11,28,44,6,11
18,FLAGLER,0011,BUDDY TAYLOR MIDDLE SCHOOL,35,530,100,0,0,23,29,49
18,FLAGLER,0061,IMAGINE SCHOOL AT TOWN CENTER,17,513,82,0,18,53,24,6
18,FLAGLER,0090,MATANZAS HIGH SCHOOL,264,500,58,22,20,42,12,5
18,FLAGLER,0091,FLAGLER-PALM COAST HIGH SCHOOL,448,490,38,37,25,33,3,2
18,FLAGLER,0092,FLAGLER TECHNICAL INSTITUTE,1,*,*,*,*,*,*,*
18,FLAGLER,0301,BELLE TERRE ELEMENTARY SCHOOL,1,*,*,*,*,*,*,*
18,FLAGLER,0401,INDIAN TRAILS MIDDLE SCHOOL,79,541,100,0,0,6,16,77
18,FLAGLER,7004,IFLAGLER-VIRTUAL FRANCHISE,8,*,*,*,*,*,*,*
19,FRANKLIN,0091,FRANKLIN COUNTY SCHOOL,64,494,39,39,22,17,17,5
19,FRANKLIN,0101,FRANKLIN COUNTY ALTERNATIVE SCHOOL,2,*,*,*,*,*,*,*
19,FRANKLIN,7001,FRANKLIN VIRTUAL INSTRUCTION PROGRAM,1,*,*,*,*,*,*,*
19,FRANKLIN,9009,APALACHICOLA BAY CHARTER SCHOOL,1,*,*,*,*,*,*,*
20,GADSDEN,0051,WEST GADSDEN HIGH SCHOOL,57,467,9,81,11,9,0,0
20,GADSDEN,0071,EAST GADSDEN HIGH SCHOOL,204,470,12,68,21,11,0,0
20,GADSDEN,0211,JAMES A. SHANKS MIDDLE SCHOOL,20,488,40,35,25,40,0,0
20,GADSDEN,0231,CARTER PARRAMORE ACADEMY,11,454,9,91,0,9,0,0
20,GADSDEN,7001,GADSDEN VIRTUAL INSTRUCTION PROGRAM,1,*,*,*,*,*,*,*
20,GADSDEN,9106,GADSDEN CENTRAL ACADEMY,1,*,*,*,*,*,*,*
21,GILCHRIST,0021,TRENTON HIGH SCHOOL,96,510,72,17,11,39,13,21
21,GILCHRIST,0031,BELL HIGH SCHOOL,52,492,38,37,25,37,2,0
22,GLADES,0021,MOORE HAVEN MIDDLE HIGH SCHOOL.,68,494,43,34,24,35,6,1
22,GLADES,0055,WEST GLADES SCHOOL,5,*,*,*,*,*,*,*
22,GLADES,7001,GLADES VIRTUAL INSTRUCTION PROGRAM,1,*,*,*,*,*,*,*
23,GULF,0061,PORT ST. JOE HIGH SCHOOL,60,514,87,10,3,42,33,12
23,GULF,0081,WEWAHITCHKA HIGH SCHOOL,60,501,52,20,28,35,12,5
23,GULF,0141,GULF COUNTY ADULT SCHOOL,1,*,*,*,*,*,*,*
24,HAMILTON,0032,HAMILTON COUNTY HIGH SCHOOL,89,479,26,54,20,19,3,3
25,HARDEE,0021,HARDEE SENIOR HIGH SCHOOL,320,487,31,48,21,20,6,5
26,HENDRY,0020,LABELLE MIDDLE SCHOOL,45,509,80,11,9,58,11,11
26,HENDRY,0061,CLEWISTON MIDDLE SCHOOL,44,512,82,2,16,59,18,5
26,HENDRY,0181,LABELLE HIGH SCHOOL,286,497,50,26,24,42,6,3
26,HENDRY,0201,CLEWISTON HIGH SCHOOL,281,492,41,35,25,34,4,2
26,HENDRY,0301,CLEWISTON YOUTH DEVE. ACADEMY,1,*,*,*,*,*,*,*
26,HENDRY,0401,LABELLE YOUTH DEVE. ACADEMY,3,*,*,*,*,*,*,*
26,HENDRY,5201,COUNTY WIDE EXCEPT STUDENT ED.,1,*,*,*,*,*,*,*
27,HERNANDO,0051,HERNANDO HIGH SCHOOL,281,492,43,38,18,32,8,3
27,HERNANDO,0181,FRANK W. SPRINGSTEAD HIGH SCHOOL,397,501,57,26,16,30,13,14
27,HERNANDO,0202,FOX CHAPEL MIDDLE SCHOOL,1,*,*,*,*,*,*,*
27,HERNANDO,0251,CENTRAL HIGH SCHOOL,286,492,46,40,14,30,12,4
27,HERNANDO,0253,WEST HERNANDO MIDDLE SCHOOL,1,*,*,*,*,*,*,*
27,HERNANDO,0331,ENDEAVOR ACADEMY,6,*,*,*,*,*,*,*
27,HERNANDO,0339,CATAPULT ACADEMY,5,*,*,*,*,*,*,*
27,HERNANDO,0351,NATURE COAST TECHNICAL HIGH,330,498,53,24,23,36,13,5
27,HERNANDO,0371,CHALLENGER K-8 SCHOOL OF SCIENCE AND MATH,18,553,100,0,0,0,6,94
27,HERNANDO,0391,WEEKI WACHEE HIGH SCHOOL,258,496,46,31,23,31,9,6
27,HERNANDO,7004,HERNANDO ESCHOOL VIRTUAL FRANCHISE,2,*,*,*,*,*,*,*
28,HIGHLANDS,0021,SEBRING MIDDLE SCHOOL,22,535,95,0,5,14,32,50
28,HIGHLANDS,0041,LAKE PLACID MIDDLE SCHOOL,1,*,*,*,*,*,*,*
28,HIGHLANDS,0091,HILL-GUSTAT MIDDLE SCHOOL,19,534,95,0,5,11,11,74
28,HIGHLANDS,0111,AVON PARK MIDDLE SCHOOL,16,524,81,6,13,19,31,31
28,HIGHLANDS,0221,SEBRING HIGH SCHOOL,360,492,44,39,18,28,9,6
28,HIGHLANDS,0231,AVON PARK HIGH SCHOOL,274,491,38,38,24,29,7,2
28,HIGHLANDS,0251,LAKE PLACID HIGH SCHOOL,181,492,46,40,14,34,9,3
28,HIGHLANDS,7001,HIGHLANDS VIRTUAL INSTRUCTION PROGRAM,1,*,*,*,*,*,*,*
28,HIGHLANDS,9007,THE ACADEMY AT YOUTH CARE LANE,5,*,*,*,*,*,*,*
29,HILLSBOROUGH,0043,SPOTO HIGH SCHOOL,327,491,42,36,22,31,8,3
29,HILLSBOROUGH,0052,GIUNTA MIDDLE SCHOOL,2,*,*,*,*,*,*,*
29,HILLSBOROUGH,0055,SHIELDS MIDDLE SCHOOL,15,522,93,0,7,27,47,20
29,HILLSBOROUGH,0063,CARVER EXCEPTIONAL CENTER,2,*,*,*,*,*,*,*
29,HILLSBOROUGH,0069,TURNER-BARTELS K-8 SCHOOL,18,539,100,0,0,11,28,61
29,HILLSBOROUGH,0073,LENNARD HIGH SCHOOL,445,505,70,17,13,44,17,9
29,HILLSBOROUGH,0074,SERGEANT PAUL R SMITH MIDDLE SCHOOL,16,519,94,0,6,44,31,19
29,HILLSBOROUGH,0080,LENNARD ADULT & COMMUNITY CENTER,2,*,*,*,*,*,*,*
29,HILLSBOROUGH,0086,BARRINGTON MIDDLE SCHOOL,12,528,92,0,8,17,33,42
29,HILLSBOROUGH,0089,STEINBRENNER HIGH SCHOOL,508,515,80,9,12,35,27,19
29,HILLSBOROUGH,0093,STRAWBERRY CREST HIGH SCHOOL,398,505,62,19,19,34,12,16
29,HILLSBOROUGH,0131,ARMWOOD HIGH SCHOOL,450,492,43,39,18,23,12,8
29,HILLSBOROUGH,0151,ALONSO HIGH SCHOOL,513,503,62,20,18,38,15,9
29,HILLSBOROUGH,0201,BENITO MIDDLE SCHOOL,13,545,100,0,0,8,8,85
29,HILLSBOROUGH,0281,BLAKE HIGH SCHOOL,336,492,48,36,16,32,10,6
29,HILLSBOROUGH,0284,STEWART MIDDLE MAGNET SCHOOL,56,524,96,0,4,38,34,25
29,HILLSBOROUGH,0291,BRANDON HIGH SCHOOL,378,495,46,31,23,31,10,6
29,HILLSBOROUGH,0293,BRANDON ADULT/COMMUNITY CENTER,2,*,*,*,*,*,*,*
29,HILLSBOROUGH,0363,WATERS CAREER CENTER,32,444,0,94,6,0,0,0
29,HILLSBOROUGH,0371,SIMMONS CAREER CENTER,35,481,14,60,26,9,3,3
29,HILLSBOROUGH,0651,BURNS MIDDLE SCHOOL,25,546,100,0,0,4,20,76
29,HILLSBOROUGH,0761,CHAMBERLAIN HIGH SCHOOL,345,484,30,51,19,22,6,2
29,HILLSBOROUGH,0763,CHAMBERLAIN ADULT/COMMUNITY CENTER,1,*,*,*,*,*,*,*
29,HILLSBOROUGH,0921,COLEMAN MIDDLE SCHOOL,29,554,100,0,0,3,0,97
29,HILLSBOROUGH,1080,DAVIDSEN MIDDLE SCHOOL,2,*,*,*,*,*,*,*
29,HILLSBOROUGH,1291,DURANT HIGH SCHOOL,468,498,52,28,20,35,12,5
29,HILLSBOROUGH,1322,EAST BAY HIGH SCHOOL,493,491,43,38,19,34,5,3
29,HILLSBOROUGH,1324,EISENHOWER MIDDLE SCHOOL,4,*,*,*,*,*,*,*
29,HILLSBOROUGH,1441,FARNELL MIDDLE SCHOOL,36,547,100,0,0,3,11,86
29,HILLSBOROUGH,1541,FREEDOM HIGH SCHOOL,380,492,41,38,22,24,9,7
29,HILLSBOROUGH,1542,FRANKLIN MIDDLE MAGNET SCHOOL,5,*,*,*,*,*,*,*
29,HILLSBOROUGH,1551,GAITHER HIGH SCHOOL,426,498,53,28,19,35,14,4
29,HILLSBOROUGH,1562,GARY ADULT CENTER,5,*,*,*,*,*,*,*
29,HILLSBOROUGH,1781,GRECO MIDDLE SCHOOL,1,*,*,*,*,*,*,*
29,HILLSBOROUGH,1881,HILLSBOROUGH HIGH SCHOOL,326,494,43,42,15,19,6,17
29,HILLSBOROUGH,2241,KING HIGH SCHOOL,297,492,42,45,12,18,8,16
29,HILLSBOROUGH,2421,LETO HIGH SCHOOL,409,487,36,45,19,25,7,3
29,HILLSBOROUGH,2471,LIBERTY MIDDLE SCHOOL,25,545,100,0,0,16,8,76
29,HILLSBOROUGH,2651,MADISON MIDDLE SCHOOL,1,*,*,*,*,*,*,*
29,HILLSBOROUGH,2801,MANN MIDDLE SCHOOL,11,527,100,0,0,18,55,27
29,HILLSBOROUGH,2841,MARSHALL MIDDLE SCHOOL,16,526,100,0,0,31,31,38
29,HILLSBOROUGH,2851,MARTINEZ MIDDLE SCHOOL,39,551,100,0,0,0,13,87
29,HILLSBOROUGH,2972,MENDEZ EXCEPTIONAL CENTER,2,*,*,*,*,*,*,*
29,HILLSBOROUGH,3001,FERRELL MIDDLE MAGNET SCHOOL,14,540,100,0,0,7,7,86
29,HILLSBOROUGH,3004,MIDDLETON HIGH SCHOOL,252,498,55,35,10,27,10,17
29,HILLSBOROUGH,3131,MULRENNAN MIDDLE SCHOOL,27,540,100,0,0,7,22,70
29,HILLSBOROUGH,3171,NEWSOME HIGH SCHOOL,591,514,80,9,12,37,24,18
29,HILLSBOROUGH,3241,ORANGE GROVE MIDDLE MAGNET SCHOOL,14,535,100,0,0,7,43,50
29,HILLSBOROUGH,3371,RIVERVIEW HIGH SCHOOL,484,502,57,21,22,33,16,8
29,HILLSBOROUGH,3411,PLANT HIGH SCHOOL,505,513,77,12,11,36,22,20
29,HILLSBOROUGH,3431,PLANT CITY HIGH SCHOOL,460,503,57,21,22,36,14,8
29,HILLSBOROUGH,3442,TOMLIN MIDDLE SCHOOL,13,542,100,0,0,15,8,77
29,HILLSBOROUGH,3561,PROGRESS VILLAGE MIDDLE MAGNET SCHOOL,11,531,100,0,0,18,27,55
29,HILLSBOROUGH,3620,RANDALL MIDDLE SCHOOL,40,542,100,0,0,5,15,80
29,HILLSBOROUGH,3731,ROBINSON HIGH SCHOOL,335,501,54,32,14,26,13,15
29,HILLSBOROUGH,3771,RODGERS MIDDLE SCHOOL,3,*,*,*,*,*,*,*
29,HILLSBOROUGH,3784,JEFFERSON HIGH SCHOOL,364,493,49,33,18,34,10,4
29,HILLSBOROUGH,3802,ROLAND PARK K-8 MAGNET SCHOOL,19,542,100,0,0,0,16,84
29,HILLSBOROUGH,4002,SIMMONS EXCEPTIONAL CENTER,1,*,*,*,*,*,*,*
29,HILLSBOROUGH,4141,BLOOMINGDALE HIGH SCHOOL,461,507,64,18,18,32,15,17
29,HILLSBOROUGH,4151,SICKLES HIGH SCHOOL,454,510,67,20,14,28,14,24
29,HILLSBOROUGH,4154,SOUTH COUNTY CAREER CENTER,15,473,13,67,20,13,0,0
29,HILLSBOROUGH,4155,BOWERS-WHITLEY CAREER CENTER,14,466,7,79,14,0,7,0
29,HILLSBOROUGH,4221,TAMPA BAY TECH HIGH SCHOOL,479,499,54,25,21,38,10,6
29,HILLSBOROUGH,4331,NORTH TAMPA ALTERNATIVE SCHOOL,2,*,*,*,*,*,*,*
29,HILLSBOROUGH,4339,CATAPULT ACADEMY,31,467,10,87,3,10,0,0
29,HILLSBOROUGH,4442,WEBB MIDDLE SCHOOL,10,515,90,0,10,50,30,10
29,HILLSBOROUGH,4522,TURKEY CREEK MIDDLE SCHOOL,4,*,*,*,*,*,*,*
29,HILLSBOROUGH,4611,WALKER MIDDLE MAGNET SCHOOL,41,541,98,0,2,10,15,73
29,HILLSBOROUGH,4731,WHARTON HIGH SCHOOL,441,501,57,27,16,29,17,11
29,HILLSBOROUGH,4741,WILLIAMS MIDDLE MAGNET SCHOOL,74,540,100,0,0,9,22,69
29,HILLSBOROUGH,4761,WILSON MIDDLE SCHOOL,20,547,100,0,0,0,10,90
29,HILLSBOROUGH,5041,YOUNG MIDDLE MAGNET SCHOOL,10,510,70,0,30,40,30,0
29,HILLSBOROUGH,5058,FALKENBURG ROAD JAIL,1,*,*,*,*,*,*,*
29,HILLSBOROUGH,5371,HOSPITAL/HOMEBOUND/HOMEBASED PROGRAMS,15,476,20,60,20,7,13,0
29,HILLSBOROUGH,6606,TERRACE COMMUNITY MIDDLE SCHOOL,11,*,100,*,*,*,*,*
29,HILLSBOROUGH,6609,PEPIN ACADEMIES,68,470,10,72,18,9,1,0
29,HILLSBOROUGH,6620,HORIZON CHARTER SCHOOL OF TAMPA,2,*,*,*,*,*,*,*
29,HILLSBOROUGH,6625,LITERACY/LEADERSHIP/TECHNOLOGY ACADEMY,1,*,*,*,*,*,*,*
29,HILLSBOROUGH,6626,KIDS COMMUNITY COLLEGE RIVERVIEW SOUTH,21,505,76,10,14,62,5,10
29,HILLSBOROUGH,6634,BROOKS DEBARTOLO COLLEGIATE HIGH SCHOOL,125,515,81,6,13,39,25,17
29,HILLSBOROUGH,6643,COMMUNITY CHARTER SCHOOL OF EXCELLENCE,9,*,*,*,*,*,*,*
29,HILLSBOROUGH,6645,ADVANTAGE ACADEMY MIDDLE SCHOOL,18,485,33,50,17,33,0,0
29,HILLSBOROUGH,6646,SEMINOLE HEIGHTS CHARTER HIGH SCHOOL,17,471,12,65,24,12,0,0
29,HILLSBOROUGH,6648,INDEPENDENCE ACADEMY MIDDLE SCHOOL,19,508,74,11,16,53,16,5
29,HILLSBOROUGH,6655,LUTZ PREPARATORY SCHOOL,23,535,100,0,0,17,30,52
29,HILLSBOROUGH,6656,PIVOT CHARTER SCHOOL,38,490,32,37,32,21,5,5
29,HILLSBOROUGH,6658,WINTHROP CHARTER SCHOOL,44,522,91,2,7,30,39,23
29,HILLSBOROUGH,6659,WEST UNIVERSITY CHARTER HIGH,16,*,0,*,*,*,*,*
29,HILLSBOROUGH,6661,BELL CREEK ACADEMY HIGH SCHOOL,71,502,65,15,20,45,13,7
29,HILLSBOROUGH,6663,CHANNELSIDE ACADEMY MIDDLE SCHOOL,16,512,94,6,0,69,25,0
29,HILLSBOROUGH,6668,BELL CREEK ACADEMY,53,525,96,2,2,38,25,34
29,HILLSBOROUGH,6669,RCMA LEADERSHIP ACADEMY,8,*,*,*,*,*,*,*
29,HILLSBOROUGH,6671,HILLSBOROUGH ACADEMY OF MATH AND SCIENCE,16,523,94,0,6,44,13,38
29,HILLSBOROUGH,7004,HILLSBOROUGH VIRTUAL FRANCHISE HIGH SCHOOL,1,*,*,*,*,*,*,*
29,HILLSBOROUGH,7023,HILLSBOROUGH VIRTUAL SCHOOL,32,506,75,19,6,47,22,6
29,HILLSBOROUGH,7677,TOWN & COUNTRY CHARTER HIGH SCHOOL,6,*,*,*,*,*,*,*
30,HOLMES,0031,POPLAR SPRINGS HIGH SCHOOL,27,486,37,52,11,37,0,0
30,HOLMES,0041,BETHLEHEM HIGH SCHOOL,33,493,39,33,27,30,3,6
30,HOLMES,0061,PONCE DE LEON HIGH SCHOOL,33,491,48,30,21,42,3,3
30,HOLMES,0261,HOLMES COUNTY HIGH SCHOOL,84,490,42,38,20,36,5,1
30,HOLMES,0471,GRADUATION ASSISTANCE PROGRAM,1,*,*,*,*,*,*,*
30,HOLMES,7023,HOLMES EDGENUITY,2,*,*,*,*,*,*,*
31,INDIAN RIVER,0031,VERO BEACH HIGH SCHOOL,392,492,41,36,23,26,9,5
31,INDIAN RIVER,0033,ALTERNATIVE CTR FOR EDUCATION,2,*,*,*,*,*,*,*
31,INDIAN RIVER,0081,GIFFORD MIDDLE SCHOOL,37,532,97,3,0,19,32,46
31,INDIAN RIVER,0171,SEBASTIAN RIVER MIDDLE SCHOOL,20,534,100,0,0,30,15,55
31,INDIAN RIVER,0271,OSLO MIDDLE SCHOOL,5,*,*,*,*,*,*,*
31,INDIAN RIVER,0291,SEBASTIAN RIVER HIGH SCHOOL,251,496,49,31,20,28,17,4
31,INDIAN RIVER,0371,STORM GROVE MIDDLE SCHOOL,18,556,100,0,0,6,6,89
31,INDIAN RIVER,5001,INDIAN RIVER CHARTER HIGH SCHL,134,500,50,23,27,32,11,7
31,INDIAN RIVER,5005,SEBASTIAN CHARTER JUNIOR HIGH SCHOOL,3,*,*,*,*,*,*,*
31,INDIAN RIVER,5006,IMAGINE AT SOUTH VERO,18,545,100,0,0,0,6,94
32,JACKSON,0021,MARIANNA HIGH SCHOOL,155,493,46,36,17,31,12,4
32,JACKSON,0121,MALONE HIGH SCHOOL,19,494,37,21,42,32,5,0
32,JACKSON,0141,SNEADS HIGH SCHOOL,78,503,65,17,18,50,12,4
32,JACKSON,0212,JACKSON ALTERNATIVE SCHOOL,12,484,25,33,42,25,0,0
32,JACKSON,0251,COTTONDALE HIGH SCHOOL,71,491,39,39,21,21,15,3
32,JACKSON,0491,GRACEVILLE HIGH SCHOOL,37,486,38,46,16,35,3,0
32,JACKSON,7001,JACKSON VIRTUAL INSTRUCTION PROGRAM,2,*,*,*,*,*,*,*
33,JEFFERSON,0021,JEFFERSON COUNTY MIDDLE/HIGH SCHOOL,35,460,6,86,9,3,0,3
33,JEFFERSON,6016,TURNING POINT,5,*,*,*,*,*,*,*
34,LAFAYETTE,0021,LAFAYETTE HIGH SCHOOL,92,504,62,16,22,42,10,10
35,LAKE,0080,EAST RIDGE MIDDLE SCHOOL,4,*,*,*,*,*,*,*
35,LAKE,0081,EUSTIS HIGH SCHOOL,268,498,52,26,22,35,10,7
35,LAKE,0113,GRAY MIDDLE SCHOOL,2,*,*,*,*,*,*,*
35,LAKE,0161,LEESBURG HIGH SCHOOL,367,487,32,45,23,19,8,5
35,LAKE,0181,MT. DORA HIGH SCHOOL,205,495,51,32,17,35,12,4
35,LAKE,0211,TAVARES HIGH SCHOOL,351,493,40,38,21,25,8,7
35,LAKE,0213,TAVARES MIDDLE SCHOOL,1,*,*,*,*,*,*,*
35,LAKE,0231,UMATILLA HIGH SCHOOL,182,492,40,34,27,32,5,2
35,LAKE,0251,OAK PARK MIDDLE SCHOOL,1,*,*,*,*,*,*,*
35,LAKE,0411,MT. DORA MIDDLE SCHOOL,2,*,*,*,*,*,*,*
35,LAKE,0481,WINDY HILL MIDDLE SCHOOL,6,*,*,*,*,*,*,*
35,LAKE,0536,LAKE ACADEMY EUSTIS,3,*,*,*,*,*,*,*
35,LAKE,0697,EUSTIS MIDDLE SCHOOL,3,*,*,*,*,*,*,*
35,LAKE,0701,SOUTH LAKE HIGH SCHOOL,402,494,48,33,20,30,13,4
35,LAKE,0801,EAST RIDGE HIGH SCHOOL,572,500,57,26,17,35,12,10
35,LAKE,0901,LAKE MINNEOLA HIGH SCHOOL,443,501,61,23,16,37,17,7
35,LAKE,7004,LAKE VIRTUAL FRANCHISE,7,*,*,*,*,*,*,*
35,LAKE,9010,LAKE ACADEMY LEESBURG,1,*,*,*,*,*,*,*
35,LAKE,9018,ALEE ACADEMY CHARTER SCHOOL,29,467,7,79,14,7,0,0
36,LEE,0141,CYPRESS LAKE MIDDLE SCHOOL,1,*,*,*,*,*,*,*
36,LEE,0152,LEE ADOLESCENT MOTHERS PROGRAM,15,463,7,80,13,7,0,0
36,LEE,0161,PAUL LAURENCE DUNBAR MIDDLE SCHOOL,15,546,100,0,0,7,13,80
36,LEE,0221,FORT MYERS HIGH SCHOOL,475,507,63,20,18,30,17,15
36,LEE,0241,LEHIGH SENIOR HIGH SCHOOL,512,490,39,39,22,29,6,3
36,LEE,0242,VARSITY LAKES MIDDLE SCHOOL,1,*,*,*,*,*,*,*
36,LEE,0311,NORTH FORT MYERS HIGH SCHOOL,440,501,57,29,15,28,16,13
36,LEE,0351,LEXINGTON MIDDLE SCHOOL,3,*,*,*,*,*,*,*
36,LEE,0491,ISLAND COAST HIGH SCHOOL,408,476,20,64,16,15,3,2
36,LEE,0511,SOUTH FORT MYERS HIGH SCHOOL,481,479,26,59,16,20,4,2
36,LEE,0531,CYPRESS LAKE HIGH SCHOOL,399,488,39,39,22,30,8,1
36,LEE,0552,SUCCESS ACADEMY,13,455,0,85,15,0,0,0
36,LEE,0572,CALOOSA MIDDLE SCHOOL,1,*,*,*,*,*,*,*
36,LEE,0591,RIVERDALE HIGH SCHOOL,457,494,45,32,23,29,10,6
36,LEE,0601,NORTH FORT MYERS ACADEMY FOR THE ARTS,1,*,*,*,*,*,*,*
36,LEE,0621,CAPE CORAL HIGH SCHOOL,348,502,56,26,18,30,13,13
36,LEE,0671,GULF MIDDLE SCHOOL,4,*,*,*,*,*,*,*
36,LEE,0691,LEHIGH ACRES MIDDLE SCHOOL,1,*,*,*,*,*,*,*
36,LEE,0721,MARINER HIGH SCHOOL,307,490,41,38,21,31,7,2
36,LEE,0722,MARINER MIDDLE SCHOOL,10,541,100,0,0,10,10,80
36,LEE,0731,ESTERO HIGH SCHOOL,418,495,49,35,16,32,11,6
36,LEE,0745,EAST LEE COUNTY HIGH SCHOOL,304,486,27,44,29,24,3,0
36,LEE,0831,DUNBAR HIGH SCHOOL,460,482,31,54,15,21,5,5
36,LEE,0851,VETERANS PARK ACADEMY FOR THE ARTS,1,*,*,*,*,*,*,*
36,LEE,0861,IDA S. BAKER HIGH SCHOOL,440,501,56,23,21,34,16,6
36,LEE,4121,GATEWAY CHARTER HIGH SCHOOL,132,473,21,62,17,19,2,0
36,LEE,4141,SIX MILE CHARTER ACADEMY,20,529,100,0,0,25,35,40
36,LEE,4155,FLORIDA SOUTHWESTERN COLLEGIATE HIGH SCHOOL,127,511,68,9,24,36,16,16
36,LEE,4181,OASIS CHARTER HIGH SCHOOL,177,498,53,27,20,42,8,3
36,LEE,4211,PIVOT CHARTER SCHOOL,21,464,5,86,10,5,0,0
36,LEE,4212,CITY OF PALMS CHARTER HIGH SCHOOL,5,*,*,*,*,*,*,*
36,LEE,4223,PALM ACRES CHARTER HIGH SCHOOL,5,*,*,*,*,*,*,*
36,LEE,4242,NORTH NICHOLAS HIGH SCHOOL,10,480,20,70,10,10,0,10
36,LEE,4251,CORONADO HIGH SCHOOL,19,454,5,89,5,5,0,0
36,LEE,4261,GATEWAY CHARTER INTERMEDIATE SCHOOL,31,517,90,6,3,42,42,6
36,LEE,4274,ISLAND PARK HIGH SCHOOL,11,466,18,73,9,18,0,0
36,LEE,4302,DONNA J. BEASLEY TECHNICAL ACADEMY,12,466,8,67,25,8,0,0
36,LEE,4303,NORTHERN PALMS CHARTER HIGH SCHOOL,2,*,*,*,*,*,*,*
36,LEE,7004,LEE COUNTY VIRTUAL FRANCHISE,39,500,54,13,33,33,10,10
36,LEE,9450,COUNTY WIDE EXCEPTIONAL CHILD PROGRAMS,4,*,*,*,*,*,*,*
37,LEON,0021,LEON HIGH SCHOOL,380,501,58,22,20,38,12,8
37,LEON,0032,ELIZABETH COBB MIDDLE SCHOOL,53,520,92,4,4,38,36,19
37,LEON,0051,JAMES RICKARDS HIGH SCHOOL,136,486,39,44,17,32,5,1
37,LEON,0092,RAA MIDDLE SCHOOL,23,538,100,0,0,4,17,78
37,LEON,0131,WOODVILLE ELEMENTARY SCHOOL,11,512,91,0,9,73,18,0
37,LEON,0161,AMOS P. GODBY HIGH SCHOOL,282,482,26,52,22,22,4,0
37,LEON,0191,SECOND CHANCE AT GHAZVINI LEARNING CENTER,2,*,*,*,*,*,*,*
37,LEON,0204,SAIL,62,499,55,26,19,39,10,6
37,LEON,0222,GRIFFIN MIDDLE SCHOOL,3,*,*,*,*,*,*,*
37,LEON,0291,R. FRANK NIMS MIDDLE SCHOOL,7,*,*,*,*,*,*,*
37,LEON,0451,FAIRVIEW MIDDLE SCHOOL,52,549,100,0,0,0,13,87
37,LEON,0452,PACE SECONDARY SCHOOL,6,*,*,*,*,*,*,*
37,LEON,0531,DEERLAKE MIDDLE SCHOOL,49,550,100,0,0,2,8,90
37,LEON,0561,FORT BRADEN SCHOOL,2,*,*,*,*,*,*,*
37,LEON,1091,LINCOLN HIGH SCHOOL,345,500,57,25,18,38,15,4
37,LEON,1141,LAWTON CHILES HIGH SCHOOL,358,515,81,10,9,34,32,15
37,LEON,1151,SWIFT CREEK MIDDLE SCHOOL,32,541,100,0,0,6,16,78
37,LEON,1201,WILLIAM J MONTFORD III MIDDLE SCHOOL,45,545,100,0,0,2,13,84
37,LEON,1211,SUCCESS ACADEMY AT GHAZVINI LEARNING CENTER,33,477,12,64,24,9,3,0
37,LEON,1402,THE SCHOOL OF ARTS AND SCIENCE ON THOMASVILLE,9,*,*,*,*,*,*,*
37,LEON,1425,TALLAHASSEE SCHOOL OF MATH & SCIENCE,2,*,*,*,*,*,*,*
37,LEON,1441,GOVERNOR''S CHARTER SCHOOL,16,502,63,13,25,50,13,0
37,LEON,7004,LEON COUNTY VIRTUAL SCHOOL FRANCHISE,3,*,*,*,*,*,*,*
38,LEVY,0021,BRONSON MIDDLE/HIGH SCHOOL,37,507,76,11,14,54,19,3
38,LEVY,0023,LEVY LEARNING ACADEMY,5,*,*,*,*,*,*,*
38,LEVY,0041,CEDAR KEY HIGH SCHOOL,15,503,60,20,20,27,27,7
38,LEVY,0051,CHIEFLAND MIDDLE HIGH SCHOOL,69,508,68,10,22,43,12,13
38,LEVY,0091,WILLISTON MIDDLE HIGH SCHOOL,100,502,62,24,14,38,14,10
39,LIBERTY,0021,LIBERTY COUNTY HIGH SCHOOL,101,485,27,42,32,25,1,1
40,MADISON,0011,MADISON COUNTY HIGH SCHOOL,95,477,17,59,24,14,2,1
40,MADISON,0121,JAMES MADISON PREPARATORY CHARTER HIGH SCHOOL,41,498,49,32,20,24,12,12
40,MADISON,0950,MADISON COUNTY EXCEL ALTERNATIVE EDUC CENTER,3,*,*,*,*,*,*,*
40,MADISON,7001,MADISON VIRTUAL INSTRUCTION PROGRAM,1,*,*,*,*,*,*,*
41,MANATEE,0072,BAYSHORE HIGH SCHOOL,150,490,37,40,23,28,7,2
41,MANATEE,0181,MANATEE HIGH SCHOOL,367,496,54,30,16,37,10,7
41,MANATEE,0351,PALMETTO HIGH SCHOOL,405,487,39,45,16,25,11,3
41,MANATEE,0431,SOUTHEAST HIGH SCHOOL,262,486,36,46,18,26,9,2
41,MANATEE,0491,LINCOLN MIDDLE SCHOOL,18,511,100,0,0,83,17,0
41,MANATEE,0581,W. D. SUGG MIDDLE SCHOOL,2,*,*,*,*,*,*,*
41,MANATEE,0611,MARTHA B. KING MIDDLE SCHOOL,27,540,100,0,0,4,19,78
41,MANATEE,0652,BRADEN RIVER MIDDLE SCHOOL,27,546,100,0,0,4,11,85
41,MANATEE,0691,LOUISE R. JOHNSON MIDDLE SCHL,38,526,97,0,3,37,24,37
41,MANATEE,0711,CARLOS E. HAILE MIDDLE SCHOOL,18,542,100,0,0,6,17,78
41,MANATEE,0721,LAKEWOOD RANCH HIGH SCHOOL,455,506,66,17,16,37,16,13
41,MANATEE,0731,HORIZONS ACADEMY,26,455,0,96,4,0,0,0
41,MANATEE,0752,R. DAN NOLAN MIDDLE SCHOOL,58,544,100,0,0,2,22,76
41,MANATEE,0761,ELECTA LEE MAGNET MIDDLE,9,*,*,*,*,*,*,*
41,MANATEE,0762,BRADEN RIVER HIGH SCHOOL,456,498,53,29,19,38,10,5
41,MANATEE,0842,BUFFALO CREEK MIDDLE SCHOOL,9,*,*,*,*,*,*,*
41,MANATEE,2056,PALMSHORES BEHAVIOR HEALTH CENTER,6,*,*,*,*,*,*,*
41,MANATEE,2104,MANATEE SCHOOL FOR THE ARTS,237,494,48,30,22,38,8,2
41,MANATEE,2124,IMAGINE CHARTER AT LAKEWOOD RANCH,1,*,*,*,*,*,*,*
41,MANATEE,2141,STATE COLLEGE OF FLORIDA COLLEGIATE SCHOOL,68,520,87,4,9,26,29,31
41,MANATEE,7004,MANATEE VIRTUAL FRANCHISE,7,*,*,*,*,*,*,*
42,MARION,0051,HOWARD MIDDLE SCHOOL,27,540,100,0,0,11,22,67
42,MARION,0221,FT. KING MIDDLE SCHOOL,2,*,*,*,*,*,*,*
42,MARION,0281,LAKE WEIR MIDDLE SCHOOL,1,*,*,*,*,*,*,*
42,MARION,0331,NORTH MARION HIGH SCHOOL,260,495,45,32,23,27,12,7
42,MARION,0351,FOREST HIGH SCHOOL,457,501,58,25,18,36,15,7
42,MARION,0361,OSCEOLA MIDDLE SCHOOL,31,538,100,0,0,3,29,68
42,MARION,0461,VANGUARD HIGH SCHOOL,337,490,39,45,17,25,8,6
42,MARION,0491,NORTH MARION MIDDLE SCHOOL,10,514,90,10,0,50,30,10
42,MARION,0501,LAKE WEIR HIGH SCHOOL,239,497,49,31,20,30,12,7
42,MARION,0521,DUNNELLON HIGH SCHOOL,218,484,28,46,25,22,5,2
42,MARION,0631,BELLEVIEW MIDDLE SCHOOL,1,*,*,*,*,*,*,*
42,MARION,0661,BELLEVIEW HIGH SCHOOL,313,494,47,32,21,33,10,5
42,MARION,0691,LIBERTY MIDDLE SCHOOL,30,523,100,0,0,47,20,33
42,MARION,0701,WEST PORT HIGH SCHOOL,414,499,55,28,17,31,15,9
42,MARION,9401,MARION TECHNICAL INSTITUTE,8,*,*,*,*,*,*,*
42,MARION,9618,SILVER RIVER MENTORING AND INSTRUCTION,13,473,8,69,23,8,0,0
42,MARION,9690,FRANCIS MARION MILITARY ACADEMY,50,473,18,62,20,18,0,0
42,MARION,9731,NEW LEAF CENTER,2,*,*,*,*,*,*,*
42,MARION,9736,CATAPULT ACADEMY,4,*,*,*,*,*,*,*
43,MARTIN,0021,STUART MIDDLE SCHOOL,41,537,100,0,0,2,27,71
43,MARTIN,0031,MARTIN COUNTY HIGH SCHOOL,912,499,55,29,16,31,14,9
43,MARTIN,0070,RIVERBEND ACADEMY,7,*,*,*,*,*,*,*
43,MARTIN,0073,SPECTRUM JUNIOR/SENIOR HIGH SCHOOL,10,489,20,50,30,10,10,0
43,MARTIN,0074,STUART LEARNING CENTER,3,*,*,*,*,*,*,*
43,MARTIN,0081,MURRAY MIDDLE SCHOOL,15,529,100,0,0,20,40,40
43,MARTIN,0221,INDIANTOWN MIDDLE SCHOOL,18,529,100,0,0,22,28,50
43,MARTIN,0241,SOUTH FORK HIGH SCHOOL,576,503,64,19,17,41,14,8
43,MARTIN,0294,WILLOUGHBY LEARNING CENTER,5,*,*,*,*,*,*,*
43,MARTIN,0321,HIDDEN OAKS MIDDLE SCHOOL,42,539,100,0,0,2,36,62
43,MARTIN,0351,JENSEN BEACH HIGH SCHOOL,511,504,64,17,19,41,15,9
43,MARTIN,0361,DR. DAVID L. ANDERSON MIDDLE SCHOOL,18,534,100,0,0,11,28,61
43,MARTIN,0400,CLARK ADVANCED LEARNING CENTER,60,511,80,3,17,55,15,10
44,MONROE,0041,CORAL SHORES HIGH SCHOOL,132,498,55,30,15,31,12,11
44,MONROE,0101,KEY WEST HIGH SCHOOL,178,498,51,25,24,25,17,9
44,MONROE,0106,KEYS CENTER,4,*,*,*,*,*,*,*
44,MONROE,0111,HORACE O''BRYANT SCHOOL,15,526,100,0,0,33,40,27
44,MONROE,0131,MARATHON SCHOOL,91,501,57,26,16,31,16,10
44,MONROE,0201,SUGARLOAF SCHOOL,7,*,*,*,*,*,*,*
44,MONROE,0291,KEY LARGO SCHOOL,1,*,*,*,*,*,*,*
44,MONROE,0321,PLANTATION KEY SCHOOL,1,*,*,*,*,*,*,*
44,MONROE,0341,SIGSBEE CHARTER SCHOOL,9,*,*,*,*,*,*,*
44,MONROE,0351,KEY WEST MONTESSORI CHARTER SCHOOL INC,8,*,*,*,*,*,*,*
44,MONROE,0371,TREASURE VILLAGE MONTESSORI CHARTER SCHOOL,6,*,*,*,*,*,*,*
44,MONROE,0382,KEY WEST COLLEGIATE SCHOOL,4,*,*,*,*,*,*,*
45,NASSAU,0031,FERNANDINA BEACH MIDDLE SCHOOL,3,*,*,*,*,*,*,*
45,NASSAU,0131,CALLAHAN MIDDLE SCHOOL,2,*,*,*,*,*,*,*
45,NASSAU,0151,HILLIARD MIDDLE-SENIOR HIGH,57,494,49,37,14,37,12,0
45,NASSAU,0191,WEST NASSAU COUNTY HIGH SCHOOL,94,513,80,5,15,46,17,17
45,NASSAU,0221,YULEE MIDDLE SCHOOL,1,*,*,*,*,*,*,*
45,NASSAU,0231,YULEE HIGH SCHOOL,181,497,50,35,15,31,14,6
45,NASSAU,0291,FERNANDINA BEACH HIGH SCHOOL,160,510,74,12,14,42,17,15
45,NASSAU,7004,NASSAU VIRTUAL FRANCHISE,1,*,*,*,*,*,*,*
46,OKALOOSA,0041,BAKER SCHOOL,104,507,70,16,13,43,14,13
46,OKALOOSA,0082,CLIFFORD MEIGS MIDDLE SCHOOL,26,536,100,0,0,15,35,50
46,OKALOOSA,0092,SHOAL RIVER MIDDLE SCHOOL,8,*,*,*,*,*,*,*
46,OKALOOSA,0121,C. W. RUCKEL MIDDLE SCHOOL,24,553,100,0,0,0,8,92
46,OKALOOSA,0201,LAUREL HILL SCHOOL,34,500,65,26,9,41,21,3
46,OKALOOSA,0211,NICEVILLE SENIOR HIGH SCHOOL,438,517,82,6,12,36,22,24
46,OKALOOSA,0271,W. C. PRYOR MIDDLE SCHOOL,10,538,100,0,0,10,10,80
46,OKALOOSA,0581,CHOCTAWHATCHEE SENIOR HIGH SCHOOL,282,505,64,20,16,34,20,11
46,OKALOOSA,0601,CRESTVIEW HIGH SCHOOL,418,506,69,16,15,48,13,9
46,OKALOOSA,0641,FT. WALTON BEACH HIGH SCHOOL,411,499,55,28,17,32,15,8
46,OKALOOSA,0651,MAX BRUNER JUNIOR MIDDLE SCHL,3,*,*,*,*,*,*,*
46,OKALOOSA,0671,ADDIE R. LEWIS SCHOOL,1,*,*,*,*,*,*,*
46,OKALOOSA,0701,OKALOOSA TECH COLLEGE AND CHOICE HIGH SCHOOL,17,472,18,65,18,12,6,0
46,OKALOOSA,0721,OKALOOSA STEMM CENTER,42,538,100,0,0,7,29,64
46,OKALOOSA,0761,DAVIDSON MIDDLE SCHOOL,11,549,100,0,0,0,9,91
46,OKALOOSA,0771,DESTIN MIDDLE SCHOOL,3,*,*,*,*,*,*,*
46,OKALOOSA,0791,EMERALD COAST CAREER INSTITUTE N,20,458,15,75,10,15,0,0
46,OKALOOSA,7001,OKALOOSA VIRTUAL INSTRUCTION PROGRAM,1,*,*,*,*,*,*,*
46,OKALOOSA,7023,OKALOOSA ONLINE NON FRANCHISED,17,489,24,47,29,18,6,0
46,OKALOOSA,9800,OKALOOSA ACADEMY,27,467,15,70,15,7,7,0
46,OKALOOSA,9805,COLLEGIATE HIGH AT NORTHWEST FLORIDA STATE,25,523,96,0,4,40,28,28
46,OKALOOSA,9807,LIZA JACKSON PREPARATORY SCHOOL,14,*,100,*,*,*,*,*
46,OKALOOSA,9818,NORTHWEST FLORIDA BALLET ACADEMIE,2,*,*,*,*,*,*,*
47,OKEECHOBEE,0101,OKEECHOBEE HIGH SCHOOL,369,483,31,49,19,26,4,1
47,OKEECHOBEE,0113,OKEECHOBEE ACHIEVEMENT ACADEMY,3,*,*,*,*,*,*,*
47,OKEECHOBEE,0121,YEARLING MIDDLE SCHOOL,18,519,100,0,0,50,33,17
47,OKEECHOBEE,0201,OSCEOLA MIDDLE SCHOOL,22,537,100,0,0,5,23,73
47,OKEECHOBEE,7004,OKEECHOBEE VIRTUAL FRANCHISE,5,*,*,*,*,*,*,*
48,ORANGE,0011,HOSPITAL HOMEBOUND,10,493,50,40,10,40,10,0
48,ORANGE,0031,LA AMISTAD,10,467,10,50,40,10,0,0
48,ORANGE,0032,ESTEEM ACADEMY,12,486,25,50,25,25,0,0
48,ORANGE,0040,PROSPERITAS LEADERSHIP ACADEMY CHARTER,5,*,*,*,*,*,*,*
48,ORANGE,0041,SIMON YOUTH FOUND ACAD AT OUTLET MKTPLCE,2,*,*,*,*,*,*,*
48,ORANGE,0042,BETA,5,*,*,*,*,*,*,*
48,ORANGE,0043,UNIVERSITY BEHAVIORAL CENTER,5,*,*,*,*,*,*,*
48,ORANGE,0056,LAKE EOLA CHARTER,4,*,*,*,*,*,*,*
48,ORANGE,0061,HOPE CHARTER,6,*,*,*,*,*,*,*
48,ORANGE,0074,WORKFORCE ADVANTAGE ACADEMY CHARTER,5,*,*,*,*,*,*,*
48,ORANGE,0084,SHEELER HIGH CHARTER,16,470,0,75,25,0,0,0
48,ORANGE,0085,CHANCERY HIGH CHARTER,19,473,11,68,21,11,0,0
48,ORANGE,0089,ORLANDO SCIENCE MIDDLE HIGH CHARTER,54,527,94,2,4,31,22,41
48,ORANGE,0111,BOONE HIGH,540,494,47,31,22,32,10,5
48,ORANGE,0113,PROJECT COMPASS,11,457,0,91,9,0,0,0
48,ORANGE,0119,LEGACY HIGH CHARTER,38,507,66,18,16,37,16,13
48,ORANGE,0120,ALOMA HIGH CHARTER,59,466,10,81,8,7,3,0
48,ORANGE,0121,EDGEWATER HIGH,477,482,27,55,18,19,6,2
48,ORANGE,0122,POSITIVE PATHWAYS TRANSITION CENTER,13,474,15,77,8,15,0,0
48,ORANGE,0131,HOWARD MIDDLE,98,522,93,3,4,42,22,29
48,ORANGE,0133,CORNERSTONE ACADEMY CHARTER,29,509,72,10,17,48,10,14
48,ORANGE,0146,CORNERSTONE CHARTER ACADEMY HIGH SCHOOL,105,489,35,38,27,30,3,2
48,ORANGE,0149,CENTRAL FLORIDA LEADERSHIP ACADEMY CHARTER,52,491,40,37,23,27,10,4
48,ORANGE,0151,MEMORIAL MIDDLE,1,*,*,*,*,*,*,*
48,ORANGE,0202,SUNSHINE HIGH CHARTER,34,472,12,68,21,9,0,3
48,ORANGE,0204,RENAISSANCE CHARTER SCHOOL AT HUNTERS CREEK,17,529,100,0,0,24,47,29
48,ORANGE,0242,LEGACY MIDDLE,73,509,75,10,15,49,15,11
48,ORANGE,0245,FREEDOM MIDDLE,89,517,87,2,11,40,20,26
48,ORANGE,0252,OCOEE HIGH,529,479,22,60,19,19,2,0
48,ORANGE,0282,APOPKA MIDDLE,61,527,97,0,3,33,25,39
48,ORANGE,0342,OCOEE MIDDLE,103,518,88,4,8,41,27,20
48,ORANGE,0352,LAKEVIEW MIDDLE,64,519,92,2,6,50,20,22
48,ORANGE,0381,HUNTERS CREEK MIDDLE,74,541,100,0,0,7,18,76
48,ORANGE,0441,DEVEREUX TREATMENT PROGRAM,4,*,*,*,*,*,*,*
48,ORANGE,0571,GLENRIDGE MIDDLE,100,532,97,1,2,21,22,54
48,ORANGE,0581,COLLEGE PARK MIDDLE,48,521,83,2,15,27,19,38
48,ORANGE,0591,GATEWAY,9,*,*,*,*,*,*,*
48,ORANGE,0631,BLANKNER K-8,16,546,100,0,0,0,19,81
48,ORANGE,0661,COLONIAL HIGH,780,477,22,59,19,18,3,1
48,ORANGE,0671,EVANS HIGH,499,473,13,66,21,12,1,0
48,ORANGE,0691,OAK RIDGE HIGH,659,473,16,66,18,14,1,1
48,ORANGE,0721,LOCKHART MIDDLE,22,504,64,18,18,50,14,0
48,ORANGE,0731,MAITLAND MIDDLE,52,537,100,0,0,12,23,65
48,ORANGE,0911,UNION PARK MIDDLE,36,522,94,0,6,42,33,19
48,ORANGE,0921,ROBINSWOOD MIDDLE,51,506,75,10,16,53,16,6
48,ORANGE,0931,DR. PHILLIPS HIGH,767,486,35,45,21,25,8,2
48,ORANGE,0981,ARBOR RIDGE K-8,20,544,100,0,0,0,5,95
48,ORANGE,1001,UNIVERSITY HIGH,557,487,35,44,21,27,6,2
48,ORANGE,1002,ECON RIVER HIGH CHARTER,15,486,33,53,13,27,7,0
48,ORANGE,1031,SOUTHWEST MIDDLE,112,531,99,0,1,25,29,46
48,ORANGE,1061,WINDY RIDGE K-8,22,538,100,0,0,9,36,55
48,ORANGE,1111,JACKSON MIDDLE,77,515,70,10,19,27,14,29
48,ORANGE,1121,DISCOVERY MIDDLE,82,534,96,0,4,10,34,52
48,ORANGE,1133,WESTRIDGE MIDDLE,43,508,74,14,12,42,23,9
48,ORANGE,1151,WALKER MIDDLE,31,520,90,3,6,39,32,19
48,ORANGE,1241,MEADOWBROOK MIDDLE,56,503,61,9,30,46,13,2
48,ORANGE,1281,CORNER LAKE MIDDLE,100,516,84,4,12,41,28,15
48,ORANGE,1291,CHAIN OF LAKES MIDDLE,46,531,96,4,0,15,28,52
48,ORANGE,1381,MEADOW WOODS MIDDLE,66,509,77,12,11,52,17,9
48,ORANGE,1391,CONWAY MIDDLE,63,516,84,3,13,43,22,19
48,ORANGE,1411,WINTER PARK HIGH,665,499,56,29,15,30,15,11
48,ORANGE,1511,WEST ORANGE HIGH,865,495,48,33,18,32,11,5
48,ORANGE,1521,APOPKA HIGH,730,489,35,40,25,28,6,2
48,ORANGE,1542,WEKIVA HIGH,477,478,22,56,22,20,2,1
48,ORANGE,1551,LIBERTY MIDDLE,66,513,79,9,12,45,11,23
48,ORANGE,1631,TIMBER CREEK HIGH,785,501,56,26,18,33,13,10
48,ORANGE,1632,OLYMPIA HIGH,704,495,47,33,20,32,10,4
48,ORANGE,1651,CYPRESS CREEK HIGH,783,478,22,57,21,19,2,1
48,ORANGE,1662,FREEDOM HIGH,826,493,45,37,18,27,11,7
48,ORANGE,1671,PIEDMONT LAKES MIDDLE,34,518,85,6,9,26,47,12
48,ORANGE,1681,GOTHA MIDDLE,72,530,99,1,0,15,47,36
48,ORANGE,1682,ODYSSEY MIDDLE,48,528,100,0,0,35,31,33
48,ORANGE,1702,WOLF LAKE MIDDLE,92,520,88,2,10,40,23,25
48,ORANGE,1703,SOUTH CREEK MIDDLE,66,526,94,2,5,39,18,36
48,ORANGE,1762,BRIDGEWATER MIDDLE,86,544,100,0,0,5,16,79
48,ORANGE,1763,AVALON MIDDLE,73,537,100,0,0,8,32,60
48,ORANGE,1801,EAST RIVER HIGH,439,481,22,54,24,19,2,1
48,ORANGE,1811,ACCELERATION EAST,61,473,10,74,16,7,2,2
48,ORANGE,1841,ACCELERATION WEST,49,466,8,82,10,6,2,0
48,ORANGE,1861,WEDGEFIELD SCHOOL,22,511,82,9,9,55,18,9
48,ORANGE,1911,SUNRIDGE MIDDLE,41,539,100,0,0,7,22,71
48,ORANGE,1931,LAKE NONA MIDDLE,86,531,99,0,1,17,35,47
48,ORANGE,1951,LAKE NONA HIGH,677,495,51,31,18,36,11,4
48,ORANGE,5711,JONES HIGH,305,476,18,63,19,16,1,1
48,ORANGE,5717,CTE VIRTUAL CENTER,1,*,*,*,*,*,*,*
48,ORANGE,5871,CARVER MIDDLE,10,507,80,10,10,70,10,0
48,ORANGE,7004,OCVS VIRTUAL FRANCHISE,22,508,68,14,18,41,27,0
49,OSCEOLA,0011,HARMONY COMMUNITY SCHOOL,2,*,*,*,*,*,*,*
49,OSCEOLA,0040,NARCOOSSEE MIDDLE SCHOOL,48,523,90,2,8,31,31,27
49,OSCEOLA,0041,DISCOVERY INTERMEDIATE SCHOOL,17,521,88,6,6,41,24,24
49,OSCEOLA,0081,OSCEOLA HIGH SCHOOL,595,485,30,47,24,24,4,2
49,OSCEOLA,0091,DENN JOHN MIDDLE SCHOOL,1,*,*,*,*,*,*,*
49,OSCEOLA,0152,FOUR CORNERS CHARTER MIDDLE SCHOOL,108,494,44,36,19,28,14,3
49,OSCEOLA,0153,FLORIDA VIRTUAL ACAD AT OSCEOLA COUNTY,7,*,*,*,*,*,*,*
49,OSCEOLA,0155,AVANT GARDE ACADEMY,101,469,17,74,9,14,2,1
49,OSCEOLA,0201,ST. CLOUD HIGH SCHOOL,437,498,55,24,21,44,9,3
49,OSCEOLA,0251,KISSIMMEE MIDDLE SCHOOL,30,525,90,0,10,27,37,27
49,OSCEOLA,0272,ST. CLOUD MIDDLE SCHOOL,70,530,96,0,4,11,51,33
49,OSCEOLA,0302,WESTSIDE K-8 SCHOOL,4,*,*,*,*,*,*,*
49,OSCEOLA,0311,NEPTUNE MIDDLE SCHOOL,24,539,100,0,0,8,17,75
49,OSCEOLA,0341,HORIZON MIDDLE SCHOOL,19,533,100,0,0,5,47,47
49,OSCEOLA,0601,GATEWAY HIGH SCHOOL,602,490,40,42,18,27,9,4
49,OSCEOLA,0711,CELEBRATION SCHOOL,25,548,100,0,0,0,16,84
49,OSCEOLA,0821,PARKWAY MIDDLE SCHOOL,20,534,100,0,0,10,20,70
49,OSCEOLA,0841,POINCIANA HIGH SCHOOL,420,482,26,50,23,22,4,0
49,OSCEOLA,0842,LIBERTY HIGH SCHOOL,493,480,24,56,20,20,3,1
49,OSCEOLA,0853,NEW DIMENSIONS HIGH SCHOOL,53,498,47,17,36,25,19,4
49,OSCEOLA,0862,PROFESSIONAL & TECHNICAL HIGH SCHOOL,97,502,65,13,22,51,11,3
49,OSCEOLA,0902,CELEBRATION HIGH SCHOOL,500,497,53,31,16,33,13,6
49,OSCEOLA,0921,OSCEOLA CO SCHOOL FOR THE ARTS,156,522,87,4,10,26,28,33
49,OSCEOLA,0922,HARMONY HIGH SCHOOL,521,498,52,26,22,36,12,4
49,OSCEOLA,0959,MAIN STREET HIGH SCHOOL,45,459,2,87,11,2,0,0
49,OSCEOLA,7001,OSCEOLA VIRTUAL INSTRUCTION PROGRAM,5,*,*,*,*,*,*,*
49,OSCEOLA,7004,OSCEOLA VIRTUAL FRANCHISE (SECONDARY),4,*,*,*,*,*,*,*
49,OSCEOLA,9003,ZENITH ACCELERATED ACADEMY,69,473,12,64,25,10,1,0
49,OSCEOLA,9036,NEW BEGINNINGS EDUCATION CENTER,34,465,9,79,12,9,0,0
50,PALM BEACH,0021,L C SWAIN MIDDLE SCHOOL,24,534,100,0,0,21,17,63
50,PALM BEACH,0081,JUPITER HIGH SCHOOL,543,511,74,14,11,36,20,18
50,PALM BEACH,0121,HOWELL L. WATKINS MIDDLE SCHOOL,31,511,77,13,10,39,26,13
50,PALM BEACH,0151,SUNCOAST COMMUNITY HIGH SCHOOL,161,522,84,6,10,26,24,34
50,PALM BEACH,0201,JOHN F. KENNEDY MIDDLE SCHOOL,1,*,*,*,*,*,*,*
50,PALM BEACH,0311,ROOSEVELT MIDDLE SCHOOL,21,536,100,0,0,19,14,67
50,PALM BEACH,0395,ALEXANDER W DREYFOOS JR SCHOOL,235,521,89,6,6,31,29,28
50,PALM BEACH,0541,CONNISTON MIDDLE SCHOOL,26,530,96,0,4,27,19,50
50,PALM BEACH,0581,FOREST HILL COMMUNITY HIGH SCH,522,481,27,53,20,21,4,1
50,PALM BEACH,0611,PALM SPRINGS MIDDLE SCHOOL,40,527,98,3,0,38,20,40
50,PALM BEACH,0691,LAKE WORTH HIGH SCHOOL,437,476,25,58,17,19,4,2
50,PALM BEACH,0761,LANTANA MIDDLE SCHOOL,13,516,85,0,15,46,15,23
50,PALM BEACH,0842,TURNING POINTS ACADEMY,2,*,*,*,*,*,*,*
50,PALM BEACH,0862,ATLANTIC HIGH SCHOOL,514,482,30,52,18,18,6,5
50,PALM BEACH,0961,BOCA RATON COMMUNITY HIGH SCHOOL,740,509,71,18,11,33,19,19
50,PALM BEACH,1361,JOHN I. LEONARD HIGH SCHOOL,571,495,50,30,20,36,10,4
50,PALM BEACH,1371,PALM BEACH GARDENS HIGH SCHOOL,416,488,42,41,17,30,8,4
50,PALM BEACH,1461,INLET GROVE COMMUNITY HIGH SCHOOL,58,491,41,33,26,33,7,2
50,PALM BEACH,1491,BOCA RATON COMMUNITY MIDDLE,49,541,100,0,0,4,18,78
50,PALM BEACH,1571,SOUTH TECH ACADEMY,104,500,54,23,23,36,13,6
50,PALM BEACH,1581,CONGRESS COMMUNITY MIDDLE SCHL,17,532,100,0,0,24,24,53
50,PALM BEACH,1611,SANTALUCES COMMUNITY HIGH,536,491,42,39,19,27,8,6
50,PALM BEACH,1641,GOLD COAST COMMUNITY SCHOOL,17,458,0,82,18,0,0,0
50,PALM BEACH,1681,SPANISH RIVER COMM. HIGH SCHL.,467,513,76,13,12,35,15,25
50,PALM BEACH,1691,CRESTWOOD COMMUNITY MIDDLE,33,538,100,0,0,12,18,70
50,PALM BEACH,1701,WELLINGTON LANDINGS MIDDLE,27,550,100,0,0,0,4,96
50,PALM BEACH,1731,JUPITER MIDDLE SCHOOL,45,538,100,0,0,20,9,71
50,PALM BEACH,1751,LOGGERS'' RUN COMMUNITY MIDDLE SCHOOL,55,533,100,0,0,13,35,53
50,PALM BEACH,1771,PAHOKEE MIDDLE-SENIOR HIGH,104,488,37,43,20,31,3,3
50,PALM BEACH,1821,CHRISTA MCAULIFFE MIDDLE SCHL,61,543,100,0,0,7,16,77
50,PALM BEACH,1851,PALM BEACH LAKES HIGH SCHOOL,532,472,18,65,16,14,2,2
50,PALM BEACH,1921,WOODLANDS MIDDLE SCHOOL,57,536,100,0,0,16,28,56
50,PALM BEACH,1971,WATSON B. DUNCAN MIDDLE SCHOOL,38,548,100,0,0,3,8,89
50,PALM BEACH,1981,BEAR LAKES MIDDLE SCHOOL,27,521,96,0,4,52,26,19
50,PALM BEACH,1991,OMNI MIDDLE SCHOOL,34,*,100,*,*,*,*,*
50,PALM BEACH,2001,PARK VISTA COMMUNITY HIGH SCHOOL,681,504,64,21,15,35,18,11
50,PALM BEACH,2041,CARVER MIDDLE SCHOOL,25,521,88,0,12,52,12,24
50,PALM BEACH,2131,LAKE WORTH COMMUNITY MIDDLE,17,531,94,0,6,24,24,47
50,PALM BEACH,2151,OKEEHEELEE MIDDLE SCHOOL,39,533,97,0,3,18,21,59
50,PALM BEACH,2181,OLYMPIC HEIGHTS COMMUNITY HIGH,415,498,53,28,20,31,13,8
50,PALM BEACH,2191,WELLINGTON HIGH SCHOOL,512,507,66,18,16,33,17,17
50,PALM BEACH,2201,WILLIAM T. DWYER HIGH SCHOOL,415,503,60,23,17,29,19,13
50,PALM BEACH,2301,GLADES CENTRAL HIGH SCHOOL,175,480,26,54,21,20,5,1
50,PALM BEACH,2331,ROYAL PALM BEACH HIGH SCHOOL,354,489,40,38,23,34,5,1
50,PALM BEACH,2361,BOYNTON BEACH COMMUNITY HIGH,385,473,18,68,14,16,2,1
50,PALM BEACH,2411,INDIAN RIDGE SCHOOL,7,*,*,*,*,*,*,*
50,PALM BEACH,2451,WESTERN PINES COMMUNITY MIDDLE,15,541,100,0,0,7,7,87
50,PALM BEACH,2461,EAGLES LANDING MIDDLE SCHOOL,39,*,100,*,*,*,*,*
50,PALM BEACH,2511,BAK MIDDLE SCHOOL OF THE ARTS,79,558,100,0,0,0,6,94
50,PALM BEACH,2611,POLO PARK MIDDLE SCHOOL,14,552,100,0,0,0,21,79
50,PALM BEACH,2621,INDEPENDENCE MIDDLE SCHOOL,43,547,100,0,0,2,7,91
50,PALM BEACH,2631,PALM BEACH CENTRAL HIGH SCHOOL,610,498,55,28,18,36,12,6
50,PALM BEACH,2701,JEAGA MIDDLE SCHOOL,24,518,92,0,8,50,13,29
50,PALM BEACH,2711,DON ESTRIDGE HIGH TECH MIDDLE,47,*,100,*,*,*,*,*
50,PALM BEACH,2781,TRADEWINDS MIDDLE SCHOOL,22,533,100,0,0,18,32,50
50,PALM BEACH,2801,PALM BEACH MARITIME ACADEMY,1,*,*,*,*,*,*,*
50,PALM BEACH,2811,VILLAGE ACADEMY ON THE ART & SARA JO KOBACKER,32,489,44,41,16,34,9,0
50,PALM BEACH,2821,OSCEOLA CREEK MIDDLE SCHOOL,25,534,100,0,0,20,24,56
50,PALM BEACH,2911,WESTERN ACADEMY CHARTER SCHOOL,15,541,100,0,0,13,13,73
50,PALM BEACH,3002,PALM BEACH COUNTY JAIL,4,*,*,*,*,*,*,*
50,PALM BEACH,3024,HIGHRIDGE FAMILY CENTER,1,*,*,*,*,*,*,*
50,PALM BEACH,3046,SOUTH AREA SECONDARY INTENSIVE TRANSITION,7,*,*,*,*,*,*,*
50,PALM BEACH,3101,CROSSROADS ACADEMY,14,459,0,86,14,0,0,0
50,PALM BEACH,3251,WEST BOCA RATON HIGH SCHOOL,380,504,61,20,19,33,15,13
50,PALM BEACH,3355,RIVIERA BEACH PREPARATORY & ACHIEVEMENT ACAD,22,454,5,95,0,5,0,0
50,PALM BEACH,3371,EMERALD COVE MIDDLE SCHOOL,59,537,100,0,0,12,22,66
50,PALM BEACH,3381,IMAGINE SCHOOLS CHANCELLOR CAMPUS,16,529,100,0,0,38,19,44
50,PALM BEACH,3385,BRIGHT FUTURES ACADEMY,2,*,*,*,*,*,*,*
50,PALM BEACH,3396,G-STAR SCHOOL OF THE ARTS,181,504,64,18,18,44,12,8
50,PALM BEACH,3398,EVERGLADES PREPARATORY ACADEMY,25,*,0,*,*,*,*,*
50,PALM BEACH,3400,BELIEVERS ACADEMY,7,*,*,*,*,*,*,*
50,PALM BEACH,3401,QUANTUM HIGH SCHOOL,18,464,11,61,28,11,0,0
50,PALM BEACH,3421,WORTHINGTON HIGH SCHOOL,4,*,*,*,*,*,*,*
50,PALM BEACH,3431,RENAISSANCE CHARTER SCHOOL AT WEST PALM BEACH,4,*,*,*,*,*,*,*
50,PALM BEACH,3443,RIVIERA BEACH MARITIME ACADEMY,19,498,53,26,21,32,16,5
50,PALM BEACH,3861,SEMINOLE RIDGE COMMUNITY HIGH SCHOOL,430,501,53,21,26,32,11,10
50,PALM BEACH,3924,PALM BEACH MARITIME ACADEMY HIGH SCHOOL,37,483,24,43,32,22,3,0
50,PALM BEACH,3961,GARDENS SCHOOL OF TECHNOLOGY ARTS INC,7,*,*,*,*,*,*,*
50,PALM BEACH,3971,MAVERICKS HIGH SCHOOL AT PALM SPRINGS,17,456,0,94,6,0,0,0
50,PALM BEACH,4000,RENAISSANCE CHARTER SCHOOL AT PALMS WEST,11,518,100,0,0,55,36,9
50,PALM BEACH,4001,RENAISSANCE CHARTER SCHOOL AT WELLINGTON,8,*,*,*,*,*,*,*
50,PALM BEACH,4012,SOMERSET ACADEMY CANYONS MIDDLE SCHOOL,33,531,97,3,0,24,18,55
50,PALM BEACH,4013,SOMERSET ACADEMY CANYONS HIGH SCHOOL,109,494,49,32,19,36,7,6
50,PALM BEACH,4020,FRANKLIN ACADEMY CHARTER SCHOOL B,1,*,*,*,*,*,*,*
50,PALM BEACH,4051,RENAISSANCE CHARTER SCHOOL AT CENTRAL PALM,2,*,*,*,*,*,*,*
50,PALM BEACH,4061,FRANKLIN ACADEMY CHARTER D,14,525,100,0,0,29,43,29
50,PALM BEACH,4072,EAGLE ARTS ACADEMY,1,*,*,*,*,*,*,*
50,PALM BEACH,7001,PALM BEACH VIRTUAL INSTRUCTION PROGRAM,1,*,*,*,*,*,*,*
50,PALM BEACH,7004,PALM BEACH VIRTUAL FRANCHISE,9,*,*,*,*,*,*,*
51,PASCO,0031,PASCO HIGH SCHOOL,367,505,62,22,16,36,16,11
51,PASCO,0057,SEVEN SPRINGS MIDDLE SCHOOL,21,544,100,0,0,0,24,76
51,PASCO,0063,WESLEY CHAPEL HIGH SCHOOL,293,514,81,8,11,41,24,16
51,PASCO,0073,JAMES W. MITCHELL HIGH SCHOOL,455,507,65,18,16,31,17,18
51,PASCO,0086,DR. JOHN LONG MIDDLE SCHOOL,21,550,100,0,0,0,5,95
51,PASCO,0089,PAUL R. SMITH MIDDLE SCHOOL,2,*,*,*,*,*,*,*
51,PASCO,0090,WIREGRASS RANCH HIGH SCHOOL,559,508,67,18,16,32,18,17
51,PASCO,0100,CHARLES S. RUSHE MIDDLE SCHOOL,17,534,100,0,0,18,18,65
51,PASCO,0101,SUNLAKE HIGH SCHOOL,455,506,66,19,15,36,18,12
51,PASCO,0102,RAYMOND B. STEWART MIDDLE SCHL,3,*,*,*,*,*,*,*
51,PASCO,0113,ANCLOTE HIGH SCHOOL,271,498,53,31,16,34,13,5
51,PASCO,0114,FIVAY HIGH SCHOOL,170,494,46,32,22,36,10,0
51,PASCO,0131,ZEPHYRHILLS HIGH SCHOOL,272,493,50,33,17,39,8,3
51,PASCO,0242,SCHWETTMAN EDUCATION CENTER,7,*,*,*,*,*,*,*
51,PASCO,0331,GULF HIGH SCHOOL,241,495,49,36,15,26,14,9
51,PASCO,0342,BAYONET POINT MIDDLE SCHOOL,4,*,*,*,*,*,*,*
51,PASCO,0461,THOMAS E. WEIGHTMAN MIDDLE SCHOOL,5,*,*,*,*,*,*,*
51,PASCO,0471,RIVER RIDGE HIGH SCHOOL,301,508,70,15,15,38,21,12
51,PASCO,0472,RIVER RIDGE MIDDLE SCHOOL,3,*,*,*,*,*,*,*
51,PASCO,0521,HUDSON HIGH SCHOOL,225,498,53,26,20,36,12,5
51,PASCO,0801,LAND O'' LAKES HIGH SCHOOL,432,513,75,13,12,32,20,23
51,PASCO,0921,PINE VIEW MIDDLE SCHOOL,6,*,*,*,*,*,*,*
51,PASCO,0931,RIDGEWOOD HIGH SCHOOL,176,484,31,44,24,24,6,1
51,PASCO,0951,HUDSON MIDDLE SCHOOL,1,*,*,*,*,*,*,*
51,PASCO,2102,ACHIEVE CENTER OF PASCO,3,*,*,*,*,*,*,*
51,PASCO,4301,DAYSPRING ACADEMY,34,519,88,3,9,41,21,26
51,PASCO,4302,ACADEMY AT THE FARM,1,*,*,*,*,*,*,*
51,PASCO,4307,COUNTRYSIDE MONTESSORI ACADEMY,1,*,*,*,*,*,*,*
51,PASCO,4325,FLORIDA VIRTUAL ACADEMY AT PASCO,12,493,50,33,17,42,0,8
51,PASCO,4328,PEPIN ACADEMIES OF PASCO COUNTY,22,461,9,82,9,9,0,0
51,PASCO,5881,SHERIFF''S DETENTION CENTER,1,*,*,*,*,*,*,*
51,PASCO,7004,PASCO ESCHOOL-VIRTUAL FRANCHISE,19,499,58,26,16,47,11,0
51,PASCO,7071,JAMES IRVIN EDUCATION CENTER,4,*,*,*,*,*,*,*
51,PASCO,8031,PASCO HIGH ADULT EDUCATION,1,*,*,*,*,*,*,*
52,PINELLAS,0121,AZALEA MIDDLE SCHOOL,3,*,*,*,*,*,*,*
52,PINELLAS,0141,LARGO MIDDLE SCHOOL,6,*,*,*,*,*,*,*
52,PINELLAS,0171,BAY POINT MIDDLE SCHOOL,33,532,100,0,0,15,42,42
52,PINELLAS,0251,BAYSIDE HIGH SCHOOL,39,453,3,95,3,3,0,0
52,PINELLAS,0431,BOCA CIEGA HIGH SCHOOL,362,487,36,44,20,29,6,2
52,PINELLAS,0531,JOSEPH L. CARWISE MIDDLE SCHOOL,34,536,97,0,3,0,32,65
52,PINELLAS,0711,CLEARWATER HIGH SCHOOL,357,488,39,43,19,28,8,3
52,PINELLAS,0731,CLEARWATER FUNDAMENTAL MIDDLE SCHOOL,28,546,100,0,0,0,11,89
52,PINELLAS,0751,COUNTRYSIDE HIGH SCHOOL,311,501,60,23,17,37,13,10
52,PINELLAS,0981,DISSTON ACADEMY,17,448,6,88,6,6,0,0
52,PINELLAS,1031,DIXIE M. HOLLINS HIGH SCHOOL,300,494,48,35,17,31,10,7
52,PINELLAS,1081,DUNEDIN HIGH SCHOOL,272,490,44,41,15,27,14,3
52,PINELLAS,1091,DUNEDIN HIGHLAND MIDDLE SCHOOL,41,544,100,0,0,5,12,83
52,PINELLAS,1281,FITZGERALD MIDDLE SCHOOL,71,543,100,0,0,4,15,80
52,PINELLAS,1531,GIBBS HIGH SCHOOL,214,482,29,53,18,17,7,4
52,PINELLAS,2031,LAKEWOOD HIGH SCHOOL,212,486,34,54,12,12,6,16
52,PINELLAS,2032,LAKEWOOD COMMUNITY,2,*,*,*,*,*,*,*
52,PINELLAS,2081,LARGO HIGH SCHOOL,264,487,37,42,20,28,8,2
52,PINELLAS,2151,LEALMAN INNOVATION ACADEMY,11,*,0,*,*,*,*,*
52,PINELLAS,2261,MADEIRA BEACH FUNDAMENTAL K-8,49,531,100,0,0,33,16,51
52,PINELLAS,2471,TOMLINSON ADULT LEARNING CTR,1,*,*,*,*,*,*,*
52,PINELLAS,2641,NORTHEAST HIGH SCHOOL,282,496,49,24,27,37,8,4
52,PINELLAS,2821,PINELLAS SECONDARY SCHOOL,18,470,17,67,17,17,0,0
52,PINELLAS,2861,OAK GROVE MIDDLE SCHOOL,3,*,*,*,*,*,*,*
52,PINELLAS,3031,OSCEOLA FUNDAMENTAL HIGH,351,510,73,14,13,41,17,15
52,PINELLAS,3041,OSCEOLA MIDDLE SCHOOL,2,*,*,*,*,*,*,*
52,PINELLAS,3191,PALM HARBOR MIDDLE SCHOOL,34,541,100,0,0,3,24,74
52,PINELLAS,3231,RICHARD L. SANDERS SCHOOL,1,*,*,*,*,*,*,*
52,PINELLAS,3411,PINELLAS PARK MIDDLE SCHOOL,15,521,100,0,0,47,40,13
52,PINELLAS,3421,PINELLAS PARK HIGH SCHOOL,396,490,42,36,22,32,8,2
52,PINELLAS,3741,SAFETY HARBOR MIDDLE SCHOOL,30,536,100,0,0,13,23,63
52,PINELLAS,3761,JAMES B. SANDERLIN PK-8,30,531,100,0,0,17,40,43
52,PINELLAS,3781,ST. PETERSBURG HIGH SCHOOL,296,491,45,37,18,35,7,3
52,PINELLAS,3921,SEMINOLE HIGH SCHOOL,391,485,32,47,21,23,6,4
52,PINELLAS,3931,SEMINOLE MIDDLE SCHOOL,58,524,97,0,3,33,41,22
52,PINELLAS,4521,TARPON SPRINGS HIGH SCHOOL,276,503,62,17,21,42,13,7
52,PINELLAS,4581,TARPON SPRINGS MIDDLE SCHOOL,25,525,96,4,0,40,20,36
52,PINELLAS,4611,TYRONE MIDDLE SCHOOL,12,515,83,0,17,50,25,8
52,PINELLAS,4631,THURGOOD MARSHALL FUNDAMENTAL,35,545,100,0,0,9,9,83
52,PINELLAS,4681,PALM HARBOR UNIVERSITY HIGH,446,500,56,23,21,39,10,7
52,PINELLAS,6181,EAST LAKE HIGH SCHOOL,396,506,71,18,11,41,20,10
52,PINELLAS,6371,PINELLAS GULF COAST ACADEMY,22,479,14,64,23,14,0,0
52,PINELLAS,6391,EAST LAKE MIDDLE SCHOOL ACADEMY ENGINEERING,16,537,100,0,0,6,25,69
52,PINELLAS,7023,PINELLAS VIRTUAL K-12,18,496,56,28,17,39,17,0
52,PINELLAS,7051,PINELLAS TELESCHOOL,2,*,*,*,*,*,*,*
52,PINELLAS,7071,DROPOUT PREVENTION SCHOOL,4,*,*,*,*,*,*,*
52,PINELLAS,7073,EYES-E-NINI-HASSEE CAMP,1,*,*,*,*,*,*,*
52,PINELLAS,7081,HOSPITAL/HOMEBOUND,29,480,31,59,10,21,7,3
52,PINELLAS,7171,PINELLAS PREPARATORY ACADEMY,17,523,100,0,0,53,18,29
52,PINELLAS,7181,PLATO ACADEMY CLEARWATER,1,*,*,*,*,*,*,*
52,PINELLAS,7191,ST. PETERSBURG COLLEGIATE HIGH,5,*,*,*,*,*,*,*
52,PINELLAS,7341,FLORIDA VIRTUAL ACADEMY AT PINELLAS,6,*,*,*,*,*,*,*
52,PINELLAS,7491,MYCROSCHOOL PINELLAS,5,*,*,*,*,*,*,*
52,PINELLAS,7581,PLATO ACADEMY CHARTER SCHOOL TARPON SPRINGS,1,*,*,*,*,*,*,*
52,PINELLAS,7731,ENTERPRISE CHARTER HIGH SCHOOL,25,459,8,88,4,8,0,0
53,POLK,0031,LAKELAND SENIOR HIGH SCHOOL,456,486,35,47,18,26,8,1
53,POLK,0043,LAWTON CHILES MIDDLE ACADEMY,36,546,100,0,0,3,11,86
53,POLK,0051,SOUTHWEST MIDDLE SCHOOL,15,520,100,0,0,47,47,7
53,POLK,0261,ROCHELLE SCHOOL OF THE ARTS,19,519,95,0,5,32,53,11
53,POLK,0311,DANIEL JENKINS ACADEMY TECH,34,511,85,6,9,68,12,6
53,POLK,0321,SHELLEY S. BOONE MIDDLE SCHOOL,13,503,69,0,31,62,8,0
53,POLK,0401,DAVENPORT SCHOOL OF THE ARTS,3,*,*,*,*,*,*,*
53,POLK,0421,DON E WOODS OPPORTUNITY CENTER,3,*,*,*,*,*,*,*
53,POLK,0481,WINTER HAVEN SENIOR HIGH SCHL,433,477,19,59,22,17,1,1
53,POLK,0491,DENISON MIDDLE SCHOOL,29,505,66,10,24,48,14,3
53,POLK,0571,WESTWOOD MIDDLE SCHOOL,17,524,100,0,0,65,12,24
53,POLK,0711,JEWETT MIDDLE ACADEMY MAGNET,32,517,88,0,13,50,19,19
53,POLK,0712,JEWETT SCHOOL OF THE ARTS,6,*,*,*,*,*,*,*
53,POLK,0791,FT. MEADE MIDDLE/SR. HIGH SCHL,76,481,21,51,28,16,4,1
53,POLK,0811,AUBURNDALE SENIOR HIGH SCHOOL,356,482,23,49,27,19,4,1
53,POLK,0821,JERE L. STAMBAUGH MIDDLE,15,505,67,7,27,60,7,0
53,POLK,0901,BARTOW SENIOR HIGH SCHOOL,510,486,31,48,21,21,6,4
53,POLK,0917,POLK ACCELERATION ACADEMY,8,*,*,*,*,*,*,*
53,POLK,0921,REAL ACADEMY,1,*,*,*,*,*,*,*
53,POLK,0931,BARTOW MIDDLE SCHOOL,31,501,58,26,16,42,16,0
53,POLK,0937,RIDGE COMMUNITY HIGH SCHOOL,591,480,26,55,19,21,4,2
53,POLK,0971,UNION ACADEMY,21,530,100,0,0,29,33,38
53,POLK,1032,CITRUS RIDGE A CIVICS ACADEMY,12,513,83,0,17,58,8,17
53,POLK,1051,TENOROC HIGH SCHOOL,284,477,17,61,22,13,3,1
53,POLK,1131,MULBERRY SENIOR HIGH SCHOOL,237,481,24,52,24,22,2,0
53,POLK,1161,MULBERRY MIDDLE SCHOOL,24,531,100,0,0,13,50,38
53,POLK,1181,KATHLEEN SENIOR HIGH SCHOOL,509,476,24,60,17,19,4,1
53,POLK,1191,KATHLEEN MIDDLE SCHOOL,16,508,81,6,13,69,13,0
53,POLK,1341,MCLAUGHLIN MIDDLE SCHOOL AND FINE ARTS ACAD,21,499,52,19,29,43,10,0
53,POLK,1381,ROOSEVELT ACADEMY,12,*,0,*,*,*,*,*
53,POLK,1491,GAUSE ACADEMY OF LEADERSHIP,23,460,0,87,13,0,0,0
53,POLK,1501,CRYSTAL LAKE MIDDLE SCHOOL,10,519,100,0,0,40,50,10
53,POLK,1591,MAYNARD A TRAVISS TECHNICAL COLLEGE,26,476,15,58,27,15,0,0
53,POLK,1601,BOK ACADEMY,16,548,100,0,0,6,6,88
53,POLK,1662,LAKE ALFRED-ADDAIR MIDDLE SCHOOL,10,500,40,10,50,30,10,0
53,POLK,1671,MCKEEL ACADEMY OF TECHNOLOGY,281,507,69,14,17,44,15,10
53,POLK,1691,RIDGE TECHNICAL COLLEGE,13,481,15,62,23,8,8,0
53,POLK,1721,LAKE WALES SENIOR HIGH SCHOOL,320,489,39,41,21,34,4,1
53,POLK,1761,LAKE GIBSON MIDDLE SCHOOL,27,500,48,7,44,37,7,4
53,POLK,1762,LAKE GIBSON SENIOR HIGH SCHOOL,414,480,21,56,23,18,2,1
53,POLK,1771,LAKELAND HIGHLANDS MIDDLE SCHL,62,539,98,0,2,6,16,76
53,POLK,1791,HAINES CITY SENIOR HIGH SCHOOL,471,481,27,55,18,22,3,1
53,POLK,1801,FROSTPROOF MIDDLE/SENIOR HIGH,152,490,42,39,19,28,13,1
53,POLK,1831,LAKE MARION CREEK MIDDLE SCHOOL,6,*,*,*,*,*,*,*
53,POLK,1861,ROSABELLE W. BLAKE ACADEMY,23,516,83,9,9,43,22,17
53,POLK,1931,GEORGE W. JENKINS SENIOR HIGH,486,491,41,39,20,31,8,2
53,POLK,1961,DISCOVERY ACADEMY OF LAKE ALFRED,51,518,92,0,8,43,33,16
53,POLK,1971,SLEEPY HILL MIDDLE SCHOOL,17,509,88,0,12,71,18,0
53,POLK,1981,DUNDEE RIDGE MIDDLE ACADEMY,15,517,93,0,7,53,20,20
53,POLK,1991,LAKE REGION HIGH SCHOOL,313,485,29,45,26,24,4,1
53,POLK,2001,BILL DUNCAN OPPORTUNITY CENTER,4,*,*,*,*,*,*,*
53,POLK,7023,POLK FULL TIME ESCHOOL,11,501,55,18,27,36,9,9
53,POLK,8002,POLK PRE-COLLEGIATE ACADEMY,28,510,79,18,4,50,25,4
53,POLK,8003,PS LAKELAND GATEWAY TO COLLEGE CHS,5,*,*,*,*,*,*,*
53,POLK,8004,NEW BEGINNINGS HIGH SCHOOL,39,464,13,77,10,13,0,0
53,POLK,8131,POLK STATE COLLEGE COLLEGIATE HIGH SCHOOL,1,*,*,*,*,*,*,*
53,POLK,8133,CHAIN OF LAKES COLLEGIATE HIGH,5,*,*,*,*,*,*,*
53,POLK,8142,BERKLEY ACCELERATED MIDDLE SCHOOL,47,521,96,2,2,40,34,21
53,POLK,8181,DISCOVERY HIGH SCHOOL,71,488,30,45,25,27,3,0
53,POLK,9003,HOSPITAL HOMEBOUND,9,*,*,*,*,*,*,*
53,POLK,9205,RIDGE TEEN PARENT PROGRAM,5,*,*,*,*,*,*,*
54,PUTNAM,0071,PUTNAM EDGE HIGH SCHOOL,14,481,29,57,14,29,0,0
54,PUTNAM,0112,INTERLACHEN HIGH SCHOOL,87,494,44,32,24,30,11,2
54,PUTNAM,0125,Q.I. ROBERTS JR. - SR. HIGH SCHOOL,171,499,54,20,26,41,9,4
54,PUTNAM,0261,CRESCENT CITY HIGH SCHOOL,110,475,13,63,25,10,3,0
54,PUTNAM,0301,PALATKA HIGH SCHOOL,185,488,35,44,21,29,2,4
54,PUTNAM,7004,PUTNAM VIRTUAL FRANCHISE,4,*,*,*,*,*,*,*
55,ST. JOHNS,0032,GAINES ALTERNATIVE AT HAMBLEN,5,*,*,*,*,*,*,*
55,ST. JOHNS,0033,ST. JOHNS TECHNICAL HIGH SCHOOL,20,484,40,45,15,35,5,0
55,ST. JOHNS,0171,R J MURRAY MIDDLE SCHOOL,40,530,98,0,3,15,43,40
55,ST. JOHNS,0181,ST. AUGUSTINE HIGH SCHOOL,311,502,60,22,18,39,14,6
55,ST. JOHNS,0251,ALLEN D NEASE SENIOR HIGH SCHOOL,555,514,77,9,14,35,22,21
55,ST. JOHNS,0301,SEBASTIAN MIDDLE SCHOOL,17,536,94,0,6,12,6,76
55,ST. JOHNS,0311,ALICE B. LANDRUM MIDDLE SCHOOL,40,555,100,0,0,3,5,93
55,ST. JOHNS,0321,SWITZERLAND POINT MIDDLE SCHOOL,37,549,100,0,0,0,5,95
55,ST. JOHNS,0371,GAMBLE ROGERS MIDDLE SCHOOL,18,532,100,0,0,6,44,50
55,ST. JOHNS,0401,PEDRO MENENDEZ HIGH SCHOOL,261,497,52,30,17,36,11,5
55,ST. JOHNS,0411,BARTRAM TRAIL HIGH SCHOOL,485,515,79,8,12,33,27,19
55,ST. JOHNS,0471,PATRIOT OAKS ACADEMY,31,532,100,0,0,16,29,55
55,ST. JOHNS,0472,LIBERTY PINES ACADEMY,9,*,*,*,*,*,*,*
55,ST. JOHNS,0481,PACETTI BAY MIDDLE SCHOOL,29,538,100,0,0,3,31,66
55,ST. JOHNS,0491,FRUIT COVE MIDDLE SCHOOL,39,544,100,0,0,0,31,69
55,ST. JOHNS,0492,PONTE VEDRA HIGH SCHOOL,393,521,89,4,7,38,22,29
55,ST. JOHNS,0493,CREEKSIDE HIGH SCHOOL,434,520,88,6,6,33,24,31
55,ST. JOHNS,0502,VALLEY RIDGE ACADEMY,21,541,100,0,0,0,24,76
55,ST. JOHNS,7001,ST. JOHNS VIRTUAL INSTRUCTION PROGRAM K-8,1,*,*,*,*,*,*,*
55,ST. JOHNS,7004,ST. JOHNS VIRTUAL FRANCHISE,12,514,83,0,17,58,17,8
56,ST. LUCIE,0072,DAN MCCARTY MIDDLE SCHOOL,15,521,93,0,7,47,20,27
56,ST. LUCIE,0121,LINCOLN PARK ACADEMY,256,506,67,15,18,43,16,8
56,ST. LUCIE,0131,ST. LUCIE WEST K-8 SCHOOL,2,*,*,*,*,*,*,*
56,ST. LUCIE,0161,FORT PIERCE CENTRAL HIGH SCHOOL,325,502,61,17,22,44,13,4
56,ST. LUCIE,0162,PERFORMANCE BASED PREPARATORY ACADEMY,13,464,8,92,0,8,0,0
56,ST. LUCIE,0201,FORT PIERCE WESTWOOD HIGH SCHL,187,491,42,38,20,30,8,3
56,ST. LUCIE,0205,DALE CASSENS EDUCATION COMPLEX,7,*,*,*,*,*,*,*
56,ST. LUCIE,0212,ACCELERATION ACADEMY,1,*,*,*,*,*,*,*
56,ST. LUCIE,0261,NORTHPORT K-8 SCHOOL,2,*,*,*,*,*,*,*
56,ST. LUCIE,0301,PORT ST. LUCIE HIGH SCHOOL,227,502,62,17,21,42,13,7
56,ST. LUCIE,0331,SOUTHPORT MIDDLE SCHOOL,28,535,96,0,4,11,39,46
56,ST. LUCIE,0351,OAK HAMMOCK K-8 SCHOOL,17,534,100,0,0,12,35,53
56,ST. LUCIE,0361,MANATEE ACADEMY K-8,1,*,*,*,*,*,*,*
56,ST. LUCIE,0371,FOREST GROVE MIDDLE SCHOOL,26,523,100,0,0,38,42,19
56,ST. LUCIE,0391,SOUTHERN OAKS MIDDLE SCHOOL,25,537,100,0,0,0,28,72
56,ST. LUCIE,0401,ST. LUCIE WEST CENTENNIAL HIGH,336,502,55,18,27,37,9,9
56,ST. LUCIE,0411,TREASURE COAST HIGH SCHOOL,409,498,56,22,22,39,11,5
56,ST. LUCIE,0421,WEST GATE K-8 SCHOOL,27,543,100,0,0,0,22,78
56,ST. LUCIE,0711,RENAISSANCE CHARTER SCHOOL OF ST. LUCIE,13,518,92,0,8,46,23,23
56,ST. LUCIE,0712,SOMERSET COLLEGE PREPARATORY ACADEMY,89,511,76,11,12,44,26,7
56,ST. LUCIE,0721,RENAISSANCE CHARTER SCHOOL AT TRADITION,24,518,92,0,8,46,33,13
56,ST. LUCIE,7001,ST. LUCIE VIRTUAL INSTRUCTION PROGRAM,1,*,*,*,*,*,*,*
56,ST. LUCIE,7004,MOSAIC DIGITAL  (ST.LUCIE VIRTUAL FRANCHISE),10,501,80,10,10,70,10,0
57,SANTA ROSA,0021,CENTRAL SCHOOL,65,485,35,46,18,28,8,0
57,SANTA ROSA,0102,GULF BREEZE MIDDLE SCHOOL,20,548,100,0,0,0,5,95
57,SANTA ROSA,0103,GULF BREEZE HIGH SCHOOL,400,512,79,14,8,41,19,19
57,SANTA ROSA,0141,JAY HIGH SCHOOL,68,503,54,18,28,25,18,12
57,SANTA ROSA,0151,MILTON HIGH SCHOOL,389,499,52,26,21,36,11,6
57,SANTA ROSA,0152,SANTA ROSA ADULT SCHOOL,25,475,12,64,24,12,0,0
57,SANTA ROSA,0182,PACE HIGH SCHOOL,453,504,65,17,17,42,15,9
57,SANTA ROSA,0231,HOBBS MIDDLE SCHOOL,12,519,83,0,17,25,50,8
57,SANTA ROSA,0272,HOLLEY-NAVARRE MIDDLE SCHOOL,17,540,100,0,0,0,35,65
57,SANTA ROSA,0302,AVALON MIDDLE SCHOOL,10,*,100,*,*,*,*,*
57,SANTA ROSA,0332,THOMAS L SIMS MIDDLE SCHOOL,16,547,100,0,0,0,19,81
57,SANTA ROSA,0351,NAVARRE HIGH SCHOOL,519,506,67,17,17,38,17,12
57,SANTA ROSA,0361,WOODLAWN BEACH MIDDLE SCHOOL,22,540,100,0,0,5,23,73
57,SANTA ROSA,7004,SANTA ROSA VIRTUAL FRANCHISE,5,*,*,*,*,*,*,*
57,SANTA ROSA,8001,LEARNING ACADEMY OF SANTA ROSA,29,473,10,69,21,10,0,0
57,SANTA ROSA,9060,BERRYHILL ADMIN. COMPLEX,6,*,*,*,*,*,*,*
58,SARASOTA,0021,PINE VIEW SCHOOL,163,546,100,0,0,2,12,87
58,SARASOTA,0031,SARASOTA MIDDLE SCHOOL,17,*,100,*,*,*,*,*
58,SARASOTA,0051,SARASOTA HIGH SCHOOL,374,507,67,16,17,38,16,13
58,SARASOTA,0074,SARASOTA MILITARY ACADEMY,206,493,46,31,24,37,8,1
58,SARASOTA,0083,SARASOTA SCHL OF ARTS/SCIENCES,17,538,100,0,0,6,24,71
58,SARASOTA,0084,BOOKER MIDDLE SCHOOL,19,523,95,0,5,21,68,5
58,SARASOTA,0085,BOOKER HIGH SCHOOL,161,497,53,24,24,38,10,5
58,SARASOTA,0090,ISLAND VILLAGE MONTESSORI SCHL,10,514,90,0,10,60,20,10
58,SARASOTA,0103,IMAGINE SCHOOL AT NORTH PORT,94,498,59,26,16,43,10,6
58,SARASOTA,0106,IMAGINE SCHOOL AT PALMER RANCH,1,*,*,*,*,*,*,*
58,SARASOTA,0110,SKY ACADEMY VENICE,1,*,*,*,*,*,*,*
58,SARASOTA,0111,BROOKSIDE MIDDLE SCHOOL,20,536,100,0,0,10,30,60
58,SARASOTA,0114,SARASOTA MILITARY ACADEMY PREP,9,*,*,*,*,*,*,*
58,SARASOTA,0141,MCINTOSH MIDDLE SCHOOL,12,*,100,*,*,*,*,*
58,SARASOTA,0181,RIVERVIEW HIGH SCHOOL,498,514,78,13,9,32,20,26
58,SARASOTA,0221,VENICE SENIOR HIGH SCHOOL,412,511,76,14,10,39,22,15
58,SARASOTA,0294,TRIAD,9,*,*,*,*,*,*,*
58,SARASOTA,0451,VENICE MIDDLE SCHOOL,10,546,100,0,0,0,20,80
58,SARASOTA,1211,LAUREL NOKOMIS SCHOOL,5,*,*,*,*,*,*,*
58,SARASOTA,1251,NORTH PORT HIGH SCHOOL,410,505,66,19,15,40,16,10
58,SARASOTA,1261,HERON CREEK MIDDLE SCHOOL,9,*,*,*,*,*,*,*
58,SARASOTA,1291,WOODLAND MIDDLE SCHOOL,20,542,100,0,0,5,5,90
58,SARASOTA,1391,SUNCOAST POLYTECHNICAL HIGH SCHOOL,129,515,83,5,12,40,28,15
58,SARASOTA,7001,SARASOTA VIRTUAL INSTRUCTION PROGRAM,4,*,*,*,*,*,*,*
59,SEMINOLE,0071,LAKE MARY HIGH SCHOOL,579,500,57,26,16,34,15,8
59,SEMINOLE,0101,MILWEE MIDDLE SCHOOL,62,539,100,0,0,11,29,60
59,SEMINOLE,0151,SANFORD MIDDLE SCHOOL,101,545,100,0,0,5,16,79
59,SEMINOLE,0181,SEMINOLE HIGH SCHOOL,429,512,70,16,14,31,18,22
59,SEMINOLE,0182,MILLENNIUM MIDDLE SCHOOL,36,540,100,0,0,11,19,69
59,SEMINOLE,0201,SOUTH SEMINOLE MIDDLE SCHOOL,29,536,100,0,0,10,28,62
59,SEMINOLE,0251,CROOMS ACADEMY/INFO TECHNOLOGY,149,510,79,10,11,46,24,9
59,SEMINOLE,0291,JACKSON HEIGHTS MIDDLE SCHOOL,76,551,100,0,0,4,7,89
59,SEMINOLE,0301,MIDWAY ELEMENTARY SCHOOL,1,*,*,*,*,*,*,*
59,SEMINOLE,0311,ENDEAVOR SCHOOL,5,*,*,*,*,*,*,*
59,SEMINOLE,0421,OVIEDO HIGH SCHOOL,508,512,76,12,13,36,23,17
59,SEMINOLE,0431,LYMAN HIGH SCHOOL,459,497,51,31,19,30,14,7
59,SEMINOLE,0491,LAKE BRANTLEY HIGH SCHOOL,540,503,60,20,20,36,16,9
59,SEMINOLE,0501,TEAGUE MIDDLE SCHOOL,43,534,100,0,0,12,35,53
59,SEMINOLE,0541,TUSKAWILLA MIDDLE SCHOOL,16,545,100,0,0,6,19,75
59,SEMINOLE,0551,LAKE HOWELL HIGH SCHOOL,471,499,54,27,19,33,13,9
59,SEMINOLE,0571,JOURNEYS ACADEMY,16,457,6,94,0,6,0,0
59,SEMINOLE,0621,ROCK LAKE MIDDLE SCHOOL,27,535,100,0,0,11,22,67
59,SEMINOLE,0671,GREENWOOD LAKES MIDDLE SCHOOL,39,529,100,0,0,28,36,36
59,SEMINOLE,0711,INDIAN TRAILS MIDDLE SCHOOL,47,531,98,0,2,17,32,49
59,SEMINOLE,0721,CHILES MIDDLE SCHOOL,54,544,100,0,0,7,11,81
59,SEMINOLE,0731,MARKHAM WOODS MIDDLE SCHOOL,34,544,100,0,0,6,9,85
59,SEMINOLE,0911,WINTER SPRINGS HIGH SCHOOL,474,498,55,28,17,33,13,9
59,SEMINOLE,0931,HAGERTY HIGH SCHOOL,475,514,75,13,13,33,19,23
59,SEMINOLE,7004,SEMINOLE COUNTY VIRTUAL FRANCHISE (SCVS),9,*,*,*,*,*,*,*
59,SEMINOLE,9224,SCPS CONSEQUENCE UNIT,3,*,*,*,*,*,*,*
59,SEMINOLE,9233,GALILEO SCHOOL FOR GIFTED LEARNING,3,*,*,*,*,*,*,*
59,SEMINOLE,9234,SEMINOLE COUNTY DETENTION CENTER,1,*,*,*,*,*,*,*
60,SUMTER,0042,SOUTH SUMTER MIDDLE SCHOOL,34,520,100,0,0,53,35,12
60,SUMTER,0161,WILDWOOD MIDDLE/HIGH SCHOOL,78,485,35,50,15,29,4,1
60,SUMTER,0171,SOUTH SUMTER HIGH SCHOOL,225,498,56,25,19,40,13,3
60,SUMTER,2001,VILLAGES CHARTER SCHOOL,229,508,66,18,15,36,14,17
60,SUMTER,3001,SUMTER ALTERNATIVES,9,*,*,*,*,*,*,*
60,SUMTER,7004,SUMTER VIRTUAL FRANCHISE,1,*,*,*,*,*,*,*
61,SUWANNEE,0043,SUWANNEE HIGH SCHOOL,213,498,51,24,25,33,10,8
61,SUWANNEE,0091,BRANFORD HIGH SCHOOL,38,505,63,8,29,50,11,3
61,SUWANNEE,7023,SUWANNEE VIRTUAL SCHOOL,1,*,*,*,*,*,*,*
62,TAYLOR,0161,TAYLOR COUNTY HIGH SCHOOL,138,491,43,38,19,27,13,4
63,UNION,0021,UNION COUNTY HIGH SCHOOL,68,519,91,4,4,37,31,24
64,VOLUSIA,0745,CAMPBELL MIDDLE SCHOOL,19,520,100,0,0,58,32,11
64,VOLUSIA,1453,DELAND HIGH SCHOOL,404,502,60,21,19,37,16,7
64,VOLUSIA,1531,DELAND MIDDLE SCHOOL,34,522,94,0,6,32,38,24
64,VOLUSIA,1551,UNIVERSITY HIGH SCHOOL,414,501,64,22,14,44,16,4
64,VOLUSIA,1702,DELTONA MIDDLE SCHOOL,27,526,100,0,0,30,41,30
64,VOLUSIA,2721,HOLLY HILL SCHOOL,10,510,60,10,30,30,20,10
64,VOLUSIA,3431,SILVER SANDS MIDDLE SCHOOL,22,545,100,0,0,5,5,91
64,VOLUSIA,3436,MAINLAND HIGH SCHOOL,408,487,36,44,20,28,5,3
64,VOLUSIA,3839,NEW SMYRNA BEACH HIGH SCHOOL,340,494,45,33,23,32,8,4
64,VOLUSIA,3931,NEW SMYRNA BEACH MIDDLE SCHOOL,60,517,90,3,7,50,23,17
64,VOLUSIA,4235,ORMOND BEACH MIDDLE SCHOOL,24,536,96,0,4,8,21,67
64,VOLUSIA,4436,SPRUCE CREEK HIGH SCHOOL,424,507,67,18,15,34,20,13
64,VOLUSIA,4941,ATLANTIC HIGH SCHOOL,216,496,53,30,17,36,12,6
64,VOLUSIA,5434,RIVERVIEW LEARNING CENTER,1,*,*,*,*,*,*,*
64,VOLUSIA,5836,SEABREEZE HIGH SCHOOL,313,499,48,30,22,28,8,12
64,VOLUSIA,6343,SOUTHWESTERN MIDDLE SCHOOL,24,519,88,0,13,46,29,13
64,VOLUSIA,6633,T. DEWITT TAYLOR MIDDLE-HIGH,126,485,29,48,22,24,5,1
64,VOLUSIA,6761,DELTONA HIGH SCHOOL,427,487,33,43,24,26,6,2
64,VOLUSIA,6791,GALAXY MIDDLE SCHOOL,35,519,91,0,9,37,43,11
64,VOLUSIA,6881,PINE RIDGE HIGH SCHOOL,245,496,54,28,18,42,9,3
64,VOLUSIA,7001,VOLUSIA COUNTY VIRTUAL INSTRUCTION PROGRAM,7,*,*,*,*,*,*,*
64,VOLUSIA,7621,IVY HAWN CHARTER SCHOOL OF THE ARTS,26,517,92,0,8,65,15,12
64,VOLUSIA,7741,RIVER SPRINGS MIDDLE SCHOOL,53,530,98,0,2,11,49,38
64,VOLUSIA,7771,HERITAGE MIDDLE SCHOOL,36,530,100,0,0,25,42,33
64,VOLUSIA,7791,CREEKSIDE MIDDLE SCHOOL,68,545,100,0,0,1,19,79
64,VOLUSIA,7831,DAVID C HINSON SR MIDDLE SCHOOL,31,543,100,0,0,0,23,77
64,VOLUSIA,7891,RICHARD MILBURN ACADEMY,55,459,4,85,11,2,2,0
64,VOLUSIA,9802,HALIFAX BEHAVIORAL SERVICES,1,*,*,*,*,*,*,*
64,VOLUSIA,9860,CATAPULT ACADEMY,20,462,5,80,15,5,0,0
64,VOLUSIA,9870,LEGACY SCHOLARS ACADEMY,1,*,*,*,*,*,*,*
65,WAKULLA,0012,RIVERSPRINGS MIDDLE SCHOOL,21,540,100,0,0,5,29,67
65,WAKULLA,0021,WAKULLA INSTITUTE,1,*,*,*,*,*,*,*
65,WAKULLA,0071,WAKULLA HIGH SCHOOL,193,507,70,10,20,45,19,6
65,WAKULLA,0081,WAKULLA MIDDLE SCHOOL,23,527,87,4,9,13,30,43
66,WALTON,0101,PAXTON SCHOOL,46,504,70,20,11,57,11,2
66,WALTON,0141,FREEPORT SENIOR HIGH SCHOOL,166,512,78,6,16,41,24,13
66,WALTON,0152,EMERALD COAST MIDDLE SCHOOL,11,*,100,*,*,*,*,*
66,WALTON,0153,SOUTH WALTON HIGH SCHOOL,224,511,75,13,13,38,17,19
66,WALTON,0201,WALTON MIDDLE SCHOOL,1,*,*,*,*,*,*,*
66,WALTON,0271,WALTON HIGH SCHOOL,197,495,45,33,22,32,8,4
66,WALTON,1110,SEASIDE NEIGHBORHOOD SCHOOL,43,525,88,5,7,21,33,35
66,WALTON,1111,WALTON ACADEMY INC.,33,464,12,67,21,12,0,0
66,WALTON,7001,WALTON VIRTUAL SCHOOL FULL TIME,1,*,*,*,*,*,*,*
67,WASHINGTON,0021,CHIPLEY HIGH SCHOOL,118,497,48,31,21,32,8,8
67,WASHINGTON,0051,VERNON HIGH SCHOOL,87,495,52,37,11,31,16,5
67,WASHINGTON,0152,WASHINGTON INSTITUTE FOR SPECIALIZED EDUC,4,*,*,*,*,*,*,*
68,DEAF/BLIND,0013,DEAF HIGH SCHOOL (FSDB),32,464,0,75,25,0,0,0
68,DEAF/BLIND,0016,BLIND HIGH SCHOOL (FSDB),7,*,*,*,*,*,*,*
71,FL VIRTUAL,0400,FLVS FULL-TIME 6-12,405,505,63,18,20,39,13,12
72,FAU LAB SCH,0011,A.D. HENDERSON UNIVERSITY SCHOOL & FAU HIGH,33,529,94,3,3,15,42,36
73,FSU LAB SCH,0341,FLORIDA STATE UNIVERSITY SCHOOL,124,515,85,6,10,42,27,16
74,FAMU LAB SCH,0351,FLORIDA A & M UNIV DEVELOP RESEARCH SCHOOL,35,484,17,51,31,17,0,0
75,UF LAB SCH,0391,P.K. YONGE DEVELOPMENTAL RESEARCH SCHOOL,130,511,76,15,9,38,22,15
80,COMM COLLEGE,0011,INDIAN RIVER STATE COLLEGE,1,*,*,*,*,*,*,*
80,COMM COLLEGE,0020,PENSACOLA STATE COLLEGE,32,469,22,72,6,22,0,0
80,COMM COLLEGE,0025,SEMINOLE STATE COLLEGE OF FL,8,*,*,*,*,*,*,*